,name,0,1,2,3,4,5,6,7,8,9,10,11,12,13,14,15,16,17,18,19,20,21,22,23,24,25,26,27,28,29,30,31,32,33,34,35,36,37,38,39,40,41,42,43,44,45,46,47,48,49,50,51,52,53,54,55,56,57,58,59,60,61,62,63,64,65,66,67,68,69,70,71,72,73,74,75,76,77,78,79,80,81,82,83,84,85,86,87,88,89,90,91,92,93,94,95,96,97,98,99,100,101,102,103,104,105,106,107,108,109,110,111,112,113,114,115,116,117,118,119,120,121,122,123,124,125,126,127
0,0,0.030485879629850388,0.09597520530223846,0.04198112338781357,0.027261029928922653,0.019399316981434822,0.0962456688284874,0.07329203933477402,-0.09999796748161316,-0.0706198513507843,-0.16177062690258026,0.021660229191184044,-0.1685066670179367,-0.08279810845851898,0.08114553242921829,-0.07697738707065582,-0.09124165028333664,0.06177247688174248,-0.10024824738502502,0.03940502554178238,-0.07870915532112122,-0.008124398067593575,-0.1376737505197525,0.07424327731132507,0.03887728974223137,0.07477283477783203,0.1560588777065277,0.09463568031787872,0.045048557221889496,-0.10275693237781525,-0.18580341339111328,0.013227664865553379,0.1537795066833496,-0.07034633308649063,0.08054224401712418,-0.01268080621957779,0.0012439786223694682,0.172431081533432,-0.09856022894382477,0.17301365733146667,0.07210050523281097,-0.014777598902583122,-0.027492281049489975,-0.007257786113768816,-0.06636752188205719,0.013877104967832565,0.10653648525476456,0.062268126755952835,0.05951067805290222,0.06876727193593979,-0.043763116002082825,0.046968597918748856,0.035973869264125824,0.07562340050935745,0.030136456713080406,0.018440816551446915,0.28064534068107605,0.08750409632921219,-0.14051921665668488,0.167325958609581,0.10566075891256332,-0.03603876009583473,-0.006246446166187525,0.10426812618970871,0.03125112131237984,-0.09059010446071625,0.025014469400048256,0.09086491167545319,-0.015682652592658997,0.05006754398345947,0.06491748988628387,-0.05241430178284645,0.06102665141224861,-0.0065675959922373295,0.0749310702085495,-0.14093412458896637,0.10491831600666046,-0.06326761096715927,0.003984061069786549,-0.10259736329317093,-0.11797802150249481,0.0015287423739209771,0.025699486956000328,0.03334149345755577,0.06067269667983055,0.13722369074821472,-0.010256532579660416,0.11833804100751877,-0.1192285418510437,0.04381740093231201,0.08890299499034882,-0.041160572320222855,-0.07425066828727722,0.01578402705490589,-0.06256973743438721,-0.0425480417907238,0.12752336263656616,0.012400406412780285,-0.09485787153244019,0.024590687826275826,0.06167598441243172,-0.06273559480905533,-0.08395279943943024,0.0530509278178215,-0.07675790041685104,-0.010499663650989532,-0.022729231044650078,-0.2157374918460846,0.20845185220241547,-0.0328277163207531,-0.13234040141105652,-0.051660243421792984,-0.03386084735393524,0.015959421172738075,-0.008972058072686195,0.038238104432821274,0.14370158314704895,-0.017577536404132843,0.061065565794706345,-0.012268837541341782,-0.043391723185777664,0.05396733433008194,-0.1316450834274292,0.08232138305902481,0.07935810089111328,0.013606611639261246,-0.05341416969895363,0.12456938624382019,-0.1299097090959549
1,0,0.03175021708011627,0.030610233545303345,0.018316539004445076,-0.005780762527137995,0.02743876911699772,0.05378647893667221,0.09887606650590897,-0.07353489100933075,-0.032834820449352264,-0.20915043354034424,0.07964739948511124,-0.1190597340464592,-0.09943441301584244,0.04199656844139099,-0.07909844070672989,-0.06503470242023468,0.04827863350510597,-0.05653035268187523,0.005987944081425667,-0.03266578167676926,0.03693842142820358,-0.17666687071323395,0.07637055963277817,0.1000642329454422,0.05849321559071541,0.09994028508663177,0.1328003853559494,-0.01641133986413479,-0.07854605466127396,-0.12035824358463287,0.009328416548669338,0.2000706046819687,-0.06201164796948433,0.037466708570718765,-0.05596158653497696,0.05000772699713707,0.13424177467823029,-0.13883057236671448,0.09322352707386017,0.09435191750526428,0.017895784229040146,-0.03094293363392353,0.03274153545498848,-0.0634584128856659,-0.0296782199293375,0.10760394483804703,0.05986354872584343,-0.01999492011964321,-0.05935624986886978,-0.06509440392255783,0.06384630501270294,-0.032054997980594635,0.12853747606277466,0.07742041349411011,0.0014875050401315093,0.26529398560523987,0.03781890869140625,-0.11336798965930939,0.11790762841701508,0.11186788231134415,-0.013006570748984814,0.03208567947149277,0.09924141317605972,0.0072530172765254974,-0.0167691707611084,0.028814280405640602,0.17855344712734222,0.0057158926501870155,0.014934800565242767,0.10425382107496262,0.011414887383580208,0.15254907310009003,0.013216533698141575,0.10162914544343948,-0.12919016182422638,0.05965318903326988,-0.017117395997047424,0.018441399559378624,-0.13654915988445282,-0.1284390389919281,-0.03113747201859951,0.0632205531001091,-0.0050607831217348576,-0.018884195014834404,0.09456547349691391,-0.005164104979485273,0.08767089247703552,-0.1990550309419632,0.11859869956970215,0.05306261405348778,0.00754318293184042,-0.090593121945858,-0.05006943643093109,-0.02493157424032688,-0.08431726694107056,0.14679136872291565,0.034799858927726746,-0.1209159642457962,0.03526391461491585,0.06217873841524124,-0.059004440903663635,-0.10246767848730087,0.13010573387145996,-0.09176065772771835,0.015976708382368088,-0.06512415409088135,-0.18178917467594147,0.1692945808172226,0.03296751528978348,-0.07228779792785645,-0.049499958753585815,0.0067512947134673595,0.11495211720466614,-0.048671986907720566,0.0047790189273655415,0.10157468169927597,-0.03673149272799492,0.10994772613048553,-0.03721761330962181,-0.07373688369989395,0.025381293147802353,-0.09292051941156387,0.14731274545192719,0.028204133734107018,0.017648784443736076,0.004203439690172672,0.06521111726760864,-0.16632607579231262
2,0,0.05240105092525482,0.09196259826421738,0.02179872803390026,-0.018503030762076378,0.035261232405900955,0.08027317374944687,0.08663274347782135,-0.09166184067726135,-0.06627124547958374,-0.1738908886909485,0.020272595807909966,-0.08751077204942703,-0.08939507603645325,0.0005936786183156073,-0.020941555500030518,-0.03997226431965828,0.03762749955058098,-0.0819191187620163,0.0017991060158237815,-0.05338678136467934,0.01598205976188183,-0.10591942816972733,0.06318441778421402,0.11715978384017944,0.04905520752072334,0.09868162870407104,0.13571086525917053,0.039672281593084335,-0.11240940541028976,-0.09972876310348511,-0.023951148614287376,0.1679149568080902,-0.08861292153596878,0.044682037085294724,-0.03082682378590107,0.04875249043107033,0.12468677014112473,-0.1637474000453949,0.10571267455816269,0.11113937199115753,0.028388775885105133,-0.05890163406729698,-0.024981731548905373,-0.05088971182703972,-0.00803593173623085,0.11665892601013184,0.0829874575138092,-0.017991768196225166,-0.06514552980661392,-0.06337533891201019,0.00751606235280633,0.00819452665746212,0.1471676528453827,0.044379822909832,0.015428395941853523,0.2937241494655609,0.07050986588001251,-0.1223202794790268,0.09615270048379898,0.08388778567314148,-0.024526841938495636,-0.008560004644095898,0.09345075488090515,0.03514823317527771,-0.010439440608024597,-0.00019185150449629873,0.19511671364307404,-0.0192098505795002,0.01349759940057993,0.03265000879764557,0.01781892031431198,0.18430887162685394,0.03782013803720474,0.1361163705587387,-0.12899699807167053,0.06315198540687561,-0.06007218733429909,0.03853989765048027,-0.12441858649253845,-0.11402365565299988,-0.04665838181972504,0.04764663428068161,-0.023296726867556572,0.03434085100889206,0.1630396544933319,-0.0636732280254364,0.11754340678453445,-0.17421966791152954,0.10928035527467728,0.06385619938373566,-0.02820163033902645,-0.08804608881473541,-0.010131862945854664,-0.0122594079002738,-0.03943980857729912,0.10755150765180588,0.04776395484805107,-0.10013201832771301,0.03403159976005554,0.04455523565411568,-0.0238408874720335,-0.09302645176649094,0.06722170859575272,-0.09375494718551636,-0.0013358661672100425,-0.07925798743963242,-0.21252429485321045,0.1597948968410492,0.048736799508333206,-0.08310280740261078,-0.0734705924987793,0.0505889467895031,0.1384090930223465,-0.02293485216796398,0.018399043008685112,0.13187724351882935,-0.027508938685059547,0.12783783674240112,0.0023504772689193487,-0.012404411099851131,0.051218196749687195,-0.08732189983129501,0.12543608248233795,0.02528298832476139,0.011089080013334751,0.007293100468814373,0.08330145478248596,-0.1655314564704895
3,0,0.028256045654416084,0.1143697127699852,-0.005506125278770924,-0.011896003969013691,-0.004602673929184675,0.06636251509189606,0.08260006457567215,-0.09146634489297867,-0.05870506912469864,-0.20186379551887512,0.029673030599951744,-0.07764697819948196,-0.08654844760894775,0.05449794977903366,0.0026100450195372105,-0.10396324843168259,0.05542093515396118,-0.05694014951586723,0.017666304484009743,-0.0580613873898983,0.013888015411794186,-0.18025366961956024,0.024677284061908722,0.06730445474386215,0.06534881889820099,0.1318574845790863,0.0935828685760498,-0.004528101067990065,-0.10070281475782394,-0.1442110389471054,-0.004654955118894577,0.189858540892601,-0.12377312034368515,0.07245015352964401,-0.031081227585673332,0.05221496894955635,0.12500682473182678,-0.18077898025512695,0.08848635852336884,0.08863817155361176,0.0514862947165966,0.017170514911413193,0.0014314965810626745,-0.036073047667741776,-0.012112041935324669,0.12523382902145386,0.06821832060813904,0.01245945692062378,-0.025646314024925232,-0.04980602487921715,0.020291566848754883,0.00941525213420391,0.11370992660522461,0.07334021478891373,0.007513337302953005,0.2653442323207855,0.07865817099809647,-0.12056037783622742,0.13701608777046204,0.0636601448059082,0.0024597018491476774,0.015090408734977245,0.09597526490688324,0.06743399798870087,-0.0007436188752762973,0.012241063639521599,0.14982621371746063,-0.06856462359428406,0.026388073340058327,0.06389053910970688,0.04147589951753616,0.16343440115451813,0.04036087542772293,0.10984054952859879,-0.10815905779600143,0.02688097395002842,-0.006213109474629164,0.02778417430818081,-0.1467766910791397,-0.10755639523267746,-0.050278592854738235,0.041772861033678055,-0.042323239147663116,-0.013604830950498581,0.14436306059360504,-0.045911744236946106,0.07415006309747696,-0.19933636486530304,0.08581095188856125,0.07795469462871552,-0.042578261345624924,-0.0903073102235794,-0.04256146028637886,-0.023652248084545135,-0.061278581619262695,0.14982855319976807,0.074522003531456,-0.07915166020393372,0.026910366490483284,0.053454358130693436,-0.04623335972428322,-0.07151756435632706,0.101418137550354,-0.06100413203239441,0.025294365361332893,-0.027877749875187874,-0.20011474192142487,0.19865572452545166,0.035428304225206375,-0.08383267372846603,-0.061926670372486115,0.03294048458337784,0.09420904517173767,-0.01138188224285841,0.01366593036800623,0.14748874306678772,-0.02658831886947155,0.07975015044212341,-0.005920606665313244,-0.035139814019203186,0.04293319210410118,-0.11051314324140549,0.13871873915195465,0.005975106731057167,-0.025763358920812607,-0.015657490119338036,0.08872461318969727,-0.16263753175735474
4,0,0.0033745241817086935,0.08540058881044388,0.038740575313568115,0.012053169310092926,0.05517668277025223,0.11239030957221985,0.06421390175819397,-0.07646188139915466,-0.038463011384010315,-0.17968256771564484,0.04016220197081566,-0.1273483783006668,-0.05971793085336685,0.05642196908593178,-0.14123061299324036,-0.07183504849672318,0.09284685552120209,-0.11221835762262344,0.039498280733823776,-0.025209156796336174,0.04255092516541481,-0.11465279757976532,0.06882579624652863,0.040927328169345856,0.04728411138057709,0.1733235865831375,0.1438767910003662,0.012620760127902031,-0.03672947734594345,-0.1559627503156662,-0.0009034553077071905,0.16627418994903564,-0.018465621396899223,0.010970351286232471,-0.03793349489569664,-0.0012311399914324284,0.18168045580387115,-0.10928240418434143,0.10293687134981155,0.05255172774195671,-0.03616324067115784,-0.06476284563541412,-0.030855735763907433,-0.022650795057415962,-0.061073146760463715,0.1138024777173996,0.06513800472021103,-0.0005236068973317742,0.015982873737812042,-0.06712044775485992,0.10961947590112686,0.02414783462882042,0.07945123314857483,0.0393981859087944,0.035686541348695755,0.25448524951934814,0.03035423532128334,-0.13950413465499878,0.15038302540779114,0.12161096185445786,-0.060834627598524094,-0.02659038081765175,0.14663133025169373,0.015645701438188553,-0.08266288042068481,0.00750888092443347,0.08547291159629822,0.0067068967036902905,0.09969617426395416,0.044781651347875595,-0.05892122536897659,0.06022660434246063,-0.05306430906057358,0.10281617194414139,-0.11885447800159454,0.1352032572031021,-0.029865993186831474,0.017522798851132393,-0.05252461135387421,-0.14991280436515808,-0.019468188285827637,0.07286369800567627,0.03162416070699692,0.049575839191675186,0.07977232336997986,0.0367443710565567,0.12766613066196442,-0.15591153502464294,0.03360879421234131,0.07500628381967545,-0.04129735752940178,-0.10123051702976227,0.014183093793690205,-0.10756167024374008,-0.04930691421031952,0.14292290806770325,0.046643514186143875,-0.14248019456863403,0.06605684757232666,0.04706597328186035,-0.09696108847856522,-0.0519358292222023,0.09737872332334518,-0.0224904865026474,-0.05017000436782837,-0.058304253965616226,-0.20265567302703857,0.19199919700622559,-0.00010095429752254859,-0.1496799737215042,-0.05250786617398262,-0.06347539275884628,0.054650597274303436,-0.01370402704924345,0.0478261299431324,0.1353175789117813,-0.029565725475549698,0.10387183725833893,-0.003354760818183422,-0.07451234757900238,0.035727761685848236,-0.10212533175945282,0.07607892900705338,0.07317298650741577,0.0010161511600017548,0.006820978131145239,0.10151839256286621,-0.11277074366807938
5,1,-0.0038862323854118586,0.04823241010308266,0.02476249635219574,0.011102144606411457,0.023021366447210312,0.09356537461280823,0.11686278134584427,-0.05768003314733505,-0.000660244666505605,-0.22483962774276733,0.04807492718100548,-0.07844598591327667,-0.09476271271705627,0.019926540553569794,-0.07957533746957779,-0.07714557647705078,0.047510210424661636,-0.0052160355262458324,-0.0029070316813886166,-0.010982371866703033,0.045900195837020874,-0.1419040411710739,0.04107500612735748,0.1117599755525589,0.04906550794839859,0.13230744004249573,0.1265823394060135,-0.0571790374815464,-0.07999085634946823,-0.12445902079343796,0.020949071273207664,0.18963655829429626,-0.08384431153535843,0.034993547946214676,-0.046480607241392136,0.05553329735994339,0.11334717273712158,-0.16749359667301178,0.03716832026839256,0.08906173706054688,0.03345060348510742,-0.026448318734765053,0.022165562957525253,-0.038270045071840286,-0.009512298740446568,0.09133389592170715,0.06534386426210403,-0.00796135887503624,-0.07536020129919052,-0.05041256546974182,0.05130702629685402,-0.03484180197119713,0.14547915756702423,0.08879945427179337,0.005447753705084324,0.27120649814605713,0.044236671179533005,-0.13533124327659607,0.09457609057426453,0.07283241301774979,-0.04000381380319595,0.03935924172401428,0.08868536353111267,0.041484735906124115,0.009187409654259682,0.01653241738677025,0.174933522939682,0.009063269011676311,-0.005579724442213774,0.08690368384122849,0.046370889991521835,0.1761370152235031,0.034674271941185,0.11995656788349152,-0.1250925064086914,0.004816347733139992,-0.033986225724220276,0.018991952762007713,-0.1591431200504303,-0.10211177915334702,-0.05530286580324173,0.02524447813630104,-0.051270097494125366,-0.033756498247385025,0.12840336561203003,-0.005034835543483496,0.10481499135494232,-0.1898498237133026,0.11493359506130219,0.058720849454402924,-0.021551473066210747,-0.08259071409702301,-0.07551027089357376,-0.04441745579242706,-0.0898052453994751,0.13071578741073608,0.07423936575651169,-0.11288123577833176,0.07222563773393631,0.05456629395484924,-0.03456762805581093,-0.06317739933729172,0.12295987457036972,-0.08549061417579651,0.003834507195279002,-0.06571154296398163,-0.1898539960384369,0.130459725856781,0.06688936799764633,-0.08628982305526733,-0.06100050359964371,0.026019170880317688,0.1507500410079956,-0.037386007606983185,-0.005170363467186689,0.11763805150985718,-0.04183686152100563,0.12126067280769348,-0.009547026827931404,-0.056320127099752426,0.02369457297027111,-0.0968349501490593,0.15407244861125946,0.018909472972154617,-0.0028268620371818542,0.023074468597769737,0.081142358481884,-0.1291777789592743
6,1,-0.00059171998873353,0.06703893095254898,-0.0012253971071913838,0.042038694024086,0.03727145865559578,0.09581823647022247,0.10816121101379395,-0.06048654764890671,-0.07036872208118439,-0.15797066688537598,0.05255875363945961,-0.12751005589962006,-0.08865059167146683,0.06586495041847229,-0.06886046379804611,-0.08402326703071594,0.07407649606466293,-0.12436174601316452,-0.019600212574005127,-0.04138481244444847,-0.005082733929157257,-0.16204874217510223,0.08322179317474365,0.08997204154729843,0.05068272352218628,0.1769195944070816,0.11486120522022247,0.006490529514849186,-0.056377947330474854,-0.160160094499588,0.04235034063458443,0.14191772043704987,-0.08592472970485687,0.05064522847533226,-0.011133838444948196,0.04648866504430771,0.12831419706344604,-0.09330861270427704,0.141165629029274,0.07139778882265091,-0.021241016685962677,-0.017733631655573845,0.00358730205334723,-0.051625244319438934,-0.010094181634485722,0.12541422247886658,0.08459939807653427,0.024247294291853905,-0.03459357097744942,-0.06972206383943558,0.06815409660339355,0.05613701790571213,0.09542878717184067,0.06313516199588776,0.024621406570076942,0.2999913990497589,0.03537997975945473,-0.14227306842803955,0.17907299101352692,0.10473796725273132,-0.018733544275164604,0.03168889880180359,0.09929347038269043,-0.011700999923050404,-0.04378253221511841,0.0399443544447422,0.07781931757926941,0.03195234015583992,0.0248096976429224,0.09937664121389389,-0.009820935316383839,0.11650829762220383,0.006767191458493471,0.09214602410793304,-0.11905015259981155,0.12303850799798965,-0.05528876185417175,0.0069457245990633965,-0.11016669124364853,-0.12115557491779327,-0.02398311346769333,0.05922923609614372,-0.014266875572502613,0.024914640933275223,0.10150381922721863,-0.007884380407631397,0.11589024215936661,-0.15517190098762512,0.08081556111574173,0.060040321201086044,-0.03895377367734909,-0.08668235689401627,-0.005392894148826599,-0.054689548909664154,-0.04888268932700157,0.15669046342372894,0.06957902759313583,-0.08559384196996689,0.05187647044658661,0.07606012374162674,-0.06865393370389938,-0.10504885017871857,0.044592320919036865,-0.032596100121736526,0.01449644286185503,-0.04811220243573189,-0.17031548917293549,0.18647506833076477,0.03162860497832298,-0.09983767569065094,-0.03313722088932991,-0.014508277177810669,0.10294052213430405,-0.061934009194374084,0.023712482303380966,0.14350087940692902,-0.06737527996301651,0.10170520097017288,0.0022779549472033978,-0.08835119754076004,0.0719878301024437,-0.11047764867544174,0.09395884722471237,0.04622797295451164,-0.0017951098270714283,-0.013453206047415733,0.11848189681768417,-0.16268585622310638
7,1,0.02153741754591465,0.06642456352710724,0.014870025217533112,0.018123051151633263,-0.0057809799909591675,0.12024927884340286,0.1074463278055191,-0.069716677069664,-0.07296299189329147,-0.15161237120628357,0.0531432181596756,-0.11082260310649872,-0.06755398958921432,0.07839129120111465,-0.05771440640091896,-0.13402694463729858,0.07271634042263031,-0.12490836530923843,0.001626311452127993,-0.09362875670194626,0.005949367303401232,-0.21683979034423828,0.04502374306321144,0.022561650723218918,0.10474459081888199,0.17590288817882538,0.08413581550121307,0.013187047094106674,-0.059986792504787445,-0.18426057696342468,0.025242649018764496,0.14908243715763092,-0.09837938100099564,0.05830133706331253,0.0031034250278025866,0.018416551873087883,0.12096157670021057,-0.07239164412021637,0.11136569827795029,0.09070537239313126,0.0019323943415656686,0.046431150287389755,0.04626087471842766,-0.025623390451073647,-0.04487587884068489,0.12625865638256073,0.06368410587310791,0.07719552516937256,0.04961520805954933,-0.10293617844581604,0.09537914395332336,0.0705859512090683,0.09398052841424942,0.04033011943101883,0.031515803188085556,0.2733913064002991,0.04388057813048363,-0.10903652757406235,0.18326272070407867,0.05659729614853859,-0.0369236022233963,0.02351384609937668,0.0842367559671402,0.030959153547883034,-0.038011156022548676,0.03410970792174339,0.01940096914768219,0.009691506624221802,0.065592460334301,0.08434055000543594,-0.011601890437304974,0.08008036017417908,-0.00736501719802618,0.02743040770292282,-0.13747921586036682,0.09620483219623566,-0.014142759144306183,0.019672706723213196,-0.1370488554239273,-0.09864240139722824,-0.005597889889031649,0.028591342270374298,-0.0033193575218319893,0.012367148883640766,0.07174980640411377,-0.031750842928886414,0.10508350282907486,-0.15735405683517456,0.03796509653329849,0.09969495236873627,-0.03761148080229759,-0.12055998295545578,0.0024463508743792772,-0.056983087211847305,-0.03946250304579735,0.1860816478729248,0.09967400878667831,-0.09310274571180344,0.05133175477385521,0.10587834566831589,-0.05153521150350571,-0.09384674578905106,0.07161813974380493,0.017580343410372734,-0.0314759723842144,0.009800020605325699,-0.17441974580287933,0.17163799703121185,0.018682073801755905,-0.10705502331256866,-0.022283434867858887,-0.031040698289871216,0.047265540808439255,-0.04693176969885826,0.0631231963634491,0.14555074274539948,-0.06662794947624207,0.0858466699719429,0.04512006416916847,-0.12046575546264648,0.06810303777456284,-0.13594557344913483,0.08659426122903824,0.07798002660274506,-0.013843878172338009,-0.03821020573377609,0.1270591765642166,-0.11739078909158707
8,1,0.03275551646947861,0.0820283442735672,0.020166626200079918,-0.00019780370348598808,0.01674259826540947,0.07883396744728088,0.11956401914358139,-0.07465175539255142,-0.07061972469091415,-0.21487325429916382,0.06143664941191673,-0.06546781957149506,-0.08427407592535019,0.019441625103354454,-0.02763565629720688,-0.02375924214720726,0.04466589167714119,-0.0661301389336586,-0.0047401669435203075,-0.0016820370219647884,0.009740510955452919,-0.12684214115142822,0.0487656332552433,0.10142386704683304,0.04107113182544708,0.16493085026741028,0.13139356672763824,-0.010225539095699787,-0.056117817759513855,-0.08113381266593933,0.006955766584724188,0.18117687106132507,-0.12112434208393097,0.051437925547361374,-0.0605294369161129,0.03665571287274361,0.11629720032215118,-0.1299942284822464,0.0967937558889389,0.1448875367641449,0.0034955653827637434,-0.0007363854674622416,0.010236714035272598,-0.049407247453927994,-0.029073933139443398,0.1373293250799179,0.0676143616437912,-0.029140368103981018,-0.03972555696964264,-0.055325914174318314,0.045671962201595306,0.0014913708437234163,0.15847405791282654,0.08211980760097504,-0.01820625737309456,0.25261563062667847,0.08482233434915543,-0.09254991263151169,0.06446921825408936,0.10335583239793777,-0.037977442145347595,0.028003325685858727,0.10432269424200058,0.047381144016981125,-0.012863407842814922,-0.007882079109549522,0.20154008269309998,-0.024705903604626656,0.029385196045041084,0.08075512200593948,0.057650964707136154,0.18960542976856232,0.0334755964577198,0.1466929167509079,-0.09176141768693924,0.053369536995887756,-0.043768227100372314,0.042973145842552185,-0.15019243955612183,-0.08790362626314163,-0.05389698967337608,0.03272208198904991,-0.03772791475057602,-0.017276257276535034,0.11064860969781876,0.005395367741584778,0.08549530059099197,-0.17040909826755524,0.09154863655567169,0.04986293613910675,0.005542482249438763,-0.1024012416601181,-0.004894120153039694,-0.03006775490939617,-0.06252745538949966,0.1502920240163803,0.0598648339509964,-0.09931562840938568,0.04904501512646675,0.007055515889078379,-0.02327616512775421,-0.09431193768978119,0.09990633279085159,-0.06725825369358063,0.027108216658234596,-0.0791347324848175,-0.22192880511283875,0.15298521518707275,0.054095420986413956,-0.07204066962003708,-0.052847106009721756,0.04012790322303772,0.13594645261764526,-0.037009067833423615,0.03664231300354004,0.11892067641019821,-0.0776008665561676,0.1236366331577301,0.004171436652541161,-0.0620642714202404,0.042221833020448685,-0.11169394850730896,0.1338241845369339,-0.009121832437813282,-0.01883867010474205,-0.005014612805098295,0.04980464279651642,-0.16425122320652008
9,1,0.0014625538606196642,0.05023862048983574,0.0349576361477375,0.007424191106110811,0.011259116232395172,0.0789269432425499,0.05759040266275406,-0.0870601236820221,-0.05366968363523483,-0.1790781468153,0.04425970837473869,-0.08754896372556686,-0.05044511705636978,0.014780553057789803,-0.03156169131398201,-0.10853077471256256,0.04408359155058861,-0.11077533662319183,0.02209797501564026,-0.051042865961790085,0.03308524563908577,-0.15086689591407776,0.04589509591460228,0.09103231132030487,0.05697312206029892,0.1693708449602127,0.16635386645793915,0.03131833299994469,-0.09769196808338165,-0.1498938947916031,-0.012385212816298008,0.19631336629390717,-0.06654059141874313,0.04799957573413849,-0.025514759123325348,0.07231941819190979,0.13265714049339294,-0.1751105785369873,0.10707251727581024,0.10308169573545456,0.026341095566749573,-0.0043267239816486835,-0.020234091207385063,-0.054599739611148834,-0.023292703554034233,0.14752352237701416,0.06016796827316284,0.0022803538013249636,0.012792707420885563,-0.07477341592311859,0.055027760565280914,0.02965286746621132,0.13086935877799988,0.02636665478348732,0.033412665128707886,0.29908525943756104,0.06854654103517532,-0.1314454823732376,0.13158154487609863,0.06621479988098145,-0.031825970858335495,-0.0028600352816283703,0.09579122811555862,0.015817437320947647,-0.04157943278551102,0.009165031835436821,0.15501728653907776,-0.048505622893571854,0.017956893891096115,0.06738371402025223,0.017794666811823845,0.11942660063505173,0.04785795509815216,0.08507739007472992,-0.12040457874536514,0.04125067964196205,-0.044810701161623,0.029889777302742004,-0.15383410453796387,-0.0958506390452385,-0.03472231701016426,0.01984063722193241,-0.004591234494000673,0.03609209880232811,0.1294364184141159,-0.025098120793700218,0.09293494373559952,-0.1195114403963089,0.10668185353279114,0.06966804713010788,-0.03801228851079941,-0.07737980037927628,-0.02473876066505909,-0.017163002863526344,-0.0259983129799366,0.15547266602516174,0.0737139880657196,-0.10280272364616394,0.0298581812530756,0.05605512484908104,-0.008223071694374084,-0.11402668058872223,0.09691139310598373,-0.06860007345676422,0.016803858801722527,-0.04134131968021393,-0.1665714681148529,0.18813690543174744,0.0649346187710762,-0.0974293053150177,-0.047223642468452454,-0.019304119050502777,0.08191380649805069,-0.009303498081862926,0.06816627830266953,0.14118598401546478,-0.03728647902607918,0.10865788906812668,0.050722382962703705,-0.06877648085355759,0.040370792150497437,-0.1528349369764328,0.10279177874326706,0.04105665907263756,0.02799755334854126,-0.015893982723355293,0.12951073050498962,-0.11606159806251526
10,1,0.008339735679328442,0.09333321452140808,0.020800279453396797,0.02754656784236431,0.012235247530043125,0.11128322035074234,0.07797466218471527,-0.08217107504606247,-0.07761860638856888,-0.17308549582958221,0.025023628026247025,-0.12628839910030365,-0.06988341361284256,0.044114574790000916,-0.050704170018434525,-0.08027252554893494,0.07979979366064072,-0.13526469469070435,0.0006536149885505438,-0.09714753925800323,-0.00223807105794549,-0.15180058777332306,0.06524873524904251,0.05903072655200958,0.08005936443805695,0.18019084632396698,0.10109163075685501,0.055287811905145645,-0.06217266991734505,-0.16953769326210022,-0.020832009613513947,0.14881063997745514,-0.09515353292226791,0.049382276833057404,0.027246806770563126,0.028191309422254562,0.12967781722545624,-0.0923629030585289,0.1387176662683487,0.1074914038181305,0.02031729370355606,-0.03277038037776947,-0.015677735209465027,-0.014683921821415424,0.0003885565383825451,0.12484963238239288,0.09278052300214767,0.04924416169524193,0.04907598719000816,-0.08621715009212494,0.043725013732910156,0.09577394276857376,0.09689145535230637,0.026699012145400047,0.04143887758255005,0.31534114480018616,0.0660533607006073,-0.1234569326043129,0.16067634522914886,0.11796269565820694,-0.039143532514572144,-0.027388444170355797,0.08960872143507004,0.01125637348741293,-0.04990052431821823,0.03694179654121399,0.08710084110498428,0.013925020582973957,0.05205012485384941,0.05778166279196739,-0.023419726639986038,0.12357595562934875,-0.004778027534484863,0.07408616691827774,-0.13651147484779358,0.0888800173997879,-0.05231129750609398,0.02241460606455803,-0.1259281039237976,-0.10768202692270279,-0.019281474873423576,0.027103744447231293,0.03118104301393032,0.0415831133723259,0.11519593000411987,-0.04600166529417038,0.09420183300971985,-0.1643202155828476,0.054377973079681396,0.05190650373697281,-0.029509419575333595,-0.11024674028158188,0.01798614114522934,-0.0814119502902031,-0.030510427430272102,0.15743346512317657,0.06554578989744186,-0.08413928002119064,0.01702573522925377,0.07028049230575562,-0.03993406891822815,-0.0930304154753685,0.02105969749391079,0.002667830791324377,-0.04210580512881279,-0.017345542088150978,-0.1758526712656021,0.15924756228923798,0.02324538305401802,-0.09254755824804306,-0.06819599121809006,0.008172959089279175,0.0970706045627594,-0.04210249334573746,0.04468994215130806,0.11684570461511612,-0.03175858035683632,0.09021162986755371,0.031849149614572525,-0.09001598507165909,0.10295695811510086,-0.11799434572458267,0.12030460685491562,0.04272160679101944,-0.007999085821211338,-0.015691496431827545,0.1445694863796234,-0.12264018505811691
11,2,0.024679485708475113,0.07313047349452972,0.029046129435300827,-0.002355703618377447,0.009247962385416031,0.052871137857437134,0.09103354066610336,-0.06720234453678131,-0.09439285844564438,-0.19727325439453125,0.10341841727495193,-0.09420329332351685,-0.09510552883148193,0.07830299437046051,-0.06739864498376846,-0.10045085102319717,0.09426809102296829,-0.09149075299501419,-0.01646348275244236,-0.05755246803164482,0.0008907246519811451,-0.19737710058689117,0.07318506389856339,0.016297226771712303,0.052969418466091156,0.10804900527000427,0.11933306604623795,0.004640050698071718,-0.04811965301632881,-0.14725269377231598,0.002501304028555751,0.17932341992855072,-0.06162649393081665,-0.00022769698989577591,-0.0343414768576622,0.02629631571471691,0.15685932338237762,-0.10151676088571548,0.12468677759170532,0.07023720443248749,-0.054897237569093704,-0.010522629134356976,0.01741022989153862,-0.05370044708251953,-0.021805431693792343,0.13047343492507935,0.08400528132915497,-0.012387953698635101,-0.0050667813047766685,-0.07715421915054321,0.09661258012056351,0.017141370102763176,0.1313440501689911,0.04758622497320175,0.026417093351483345,0.24548332393169403,0.04374685510993004,-0.06767505407333374,0.1434096097946167,0.10783106833696365,-0.0368013009428978,-6.660117651335895e-05,0.1050925999879837,-0.01943952962756157,-0.014492690563201904,0.046660128980875015,0.125596821308136,0.01743255741894245,0.04887305572628975,0.10699320584535599,-0.02121405117213726,0.14320634305477142,-0.07603193819522858,0.0840628445148468,-0.1364850401878357,0.11906224489212036,-0.026299960911273956,-0.005835120566189289,-0.10505169630050659,-0.12704922258853912,-0.016309233382344246,0.09757864475250244,0.01168082281947136,0.0030767382122576237,0.06263794004917145,0.014588696882128716,0.07725268602371216,-0.20514437556266785,0.037230636924505234,0.04931783676147461,-0.023464741185307503,-0.0999334380030632,-0.020524131134152412,-0.0583040714263916,-0.07963128387928009,0.16299107670783997,0.04675906151533127,-0.09638624638319016,0.06266621500253677,0.06620175391435623,-0.09285309165716171,-0.127395361661911,0.10993397980928421,-0.030316796153783798,-0.017992954701185226,-0.02149820700287819,-0.20372968912124634,0.19260527193546295,0.021774806082248688,-0.06598308682441711,-0.06190456077456474,-0.008130654692649841,0.07812894135713577,-0.06487315893173218,0.03407316282391548,0.13284000754356384,-0.06137136369943619,0.08572928607463837,-0.017149396240711212,-0.07931745052337646,0.028914665803313255,-0.10835807025432587,0.10582952201366425,0.042698152363300323,0.0006871027871966362,0.007098859641700983,0.056933846324682236,-0.16988855600357056
12,2,-0.028024254366755486,0.07405181974172592,0.022539498284459114,0.007017399650067091,0.02692132256925106,0.11646918952465057,0.08826304227113724,-0.08026023209095001,-0.05520428344607353,-0.08833115547895432,-0.01644647680222988,-0.13829541206359863,-0.017673533409833908,0.048716433346271515,-0.05181150883436203,-0.0422026552259922,0.0567617230117321,-0.16180747747421265,0.07392192631959915,-0.06549415737390518,0.03637375310063362,-0.15012381970882416,0.10477174818515778,0.060455963015556335,0.08659607172012329,0.18506766855716705,0.1650809943675995,0.07638797163963318,-0.08178133517503738,-0.19988682866096497,-0.05393984168767929,0.11116697639226913,-0.050804365426301956,0.10722384601831436,-0.024163207039237022,0.024187875911593437,0.10257389396429062,-0.07128967344760895,0.15702705085277557,0.016815194860100746,-0.026187745854258537,-0.05309038236737251,-0.09537938237190247,-0.01739756390452385,-0.08237502723932266,0.10439160466194153,0.030566995963454247,0.016763240098953247,0.009579301811754704,-0.09617996960878372,0.02230753004550934,0.13322384655475616,0.03782694786787033,0.05856292322278023,0.027755307033658028,0.2998853921890259,0.013772206380963326,-0.11072828620672226,0.14300227165222168,0.06767069548368454,-0.06833592057228088,-0.020989637821912766,0.0999864861369133,0.014828899875283241,-0.08870375156402588,-0.0563858263194561,0.02567482553422451,-0.06155449524521828,0.07926402986049652,0.020381873473525047,-0.04522174224257469,0.0251658633351326,0.02472301945090294,0.049126897007226944,-0.10598629713058472,0.12943817675113678,-0.05972369760274887,0.01382440235465765,-0.05567508935928345,-0.1390448361635208,0.02421713061630726,0.015105434693396091,0.01551689300686121,0.07325650006532669,0.11603240668773651,0.0019351864466443658,0.15807890892028809,-0.11624693125486374,0.03386079519987106,0.09716194868087769,-0.05780599266290665,-0.11946580559015274,0.03296735882759094,-0.0764111876487732,-0.02383110113441944,0.14943771064281464,0.010900655761361122,-0.16225004196166992,0.03394068405032158,0.0808836966753006,-0.07320147007703781,0.027834907174110413,0.04426087811589241,-0.020626651123166084,-0.010038982145488262,-0.0321587435901165,-0.1762172430753708,0.14724700152873993,-0.0019103664672002196,-0.16237063705921173,-0.02895260788500309,-0.025172574445605278,0.006529448088258505,-0.0020638792775571346,0.08007565140724182,0.1636970043182373,-0.044561561197042465,0.09799981117248535,0.010848116129636765,-0.05290891230106354,0.07216574996709824,-0.09651496261358261,0.044527530670166016,0.10430345684289932,-0.0066880276426672935,0.004198727197945118,0.21552066504955292,-0.06921608746051788
13,2,0.04122493416070938,0.10522551834583282,0.019513223320245743,0.0023849597200751305,0.01674647442996502,0.06836865097284317,0.10503498464822769,-0.07273327559232712,-0.05815414711833,-0.19271370768547058,0.05913134291768074,-0.09962549805641174,-0.10350996255874634,0.06326279044151306,-0.04552849754691124,-0.07108224928379059,0.07463764399290085,-0.06958462297916412,-0.012805947102606297,-0.044307731091976166,0.0040435222908854485,-0.14924851059913635,0.0262371227145195,0.08358538895845413,0.029879730194807053,0.15139727294445038,0.09157221019268036,0.005227016285061836,-0.06153152510523796,-0.13804766535758972,0.004218041896820068,0.19165188074111938,-0.1066586822271347,0.02117769420146942,-0.02220054343342781,0.04415347799658775,0.12598852813243866,-0.13286888599395752,0.10392186790704727,0.07623013108968735,0.005602621007710695,-0.0064079719595611095,0.024671250954270363,-0.06213835999369621,-0.023586465045809746,0.15049821138381958,0.09316399693489075,-0.020445169880986214,-0.06206259876489639,-0.03828270733356476,0.07481773942708969,0.008090213872492313,0.13409173488616943,0.04141490161418915,0.02634081430733204,0.2750045657157898,0.05007890239357948,-0.13422329723834991,0.12764178216457367,0.11411160975694656,-0.01444668136537075,0.03716857731342316,0.09464573115110397,0.03859415650367737,-0.001673000631853938,0.04836077243089676,0.1578456312417984,0.011704660020768642,0.06735005974769592,0.10196585208177567,0.04208173602819443,0.16498631238937378,-0.006329449824988842,0.10253362357616425,-0.10442009568214417,0.10272090882062912,-0.043932728469371796,0.00099521828815341,-0.1306176632642746,-0.11389162391424179,-0.036279208958148956,0.060837458819150925,-0.014170834794640541,-0.018008848652243614,0.13041959702968597,-0.024271948263049126,0.08097020536661148,-0.19412386417388916,0.09777745604515076,0.0430460125207901,-0.028338223695755005,-0.08086391538381577,-0.009579397737979889,-0.018717749044299126,-0.04868973419070244,0.14129586517810822,0.07204420864582062,-0.05641387030482292,0.04100971296429634,0.05005740001797676,-0.05126006156206131,-0.09363415092229843,0.07470928877592087,-0.07440135627985,-0.009853498078882694,-0.054896146059036255,-0.19645561277866364,0.1938285529613495,0.020993107929825783,-0.06013777107000351,-0.05938495323061943,0.046102166175842285,0.09816581010818481,-0.0418500117957592,-0.011390808038413525,0.14082439243793488,-0.05018939450383186,0.10848823934793472,-0.029342791065573692,-0.06589524447917938,0.056356627494096756,-0.08344977349042892,0.1439334750175476,-0.00037758401595056057,-0.005492802243679762,-0.006799390539526939,0.06023692339658737,-0.17795667052268982
14,2,0.040909819304943085,0.0863475650548935,0.033811263740062714,-0.06629374623298645,0.007490065880119801,0.059055399149656296,0.0673050507903099,-0.07066083699464798,-0.034239184111356735,-0.23562222719192505,0.07666618376970291,-0.07162561267614365,-0.10995782911777496,0.06898138672113419,-0.049925755709409714,-0.06915726512670517,0.05057615414261818,-0.020000049844384193,0.035069357603788376,-0.02934420108795166,0.028094956651329994,-0.1857970505952835,0.05162664130330086,0.041838906705379486,0.035828884690999985,0.12275291979312897,0.1223185807466507,-0.027384301647543907,-0.07466358691453934,-0.09462378174066544,-0.01482194010168314,0.2399202138185501,-0.06506682932376862,0.03292364627122879,-0.05877208709716797,0.04522373899817467,0.17731185257434845,-0.141068696975708,0.055039357393980026,0.1108560562133789,0.022460561245679855,-0.021873895078897476,0.039893679320812225,-0.0604497455060482,-0.044070784002542496,0.10427901148796082,0.060611188411712646,-0.03373989090323448,-0.02186717838048935,-0.0264777559787035,0.06371495127677917,-0.07907799631357193,0.14014014601707458,0.11095637083053589,-0.012674263678491116,0.19428063929080963,-0.00039314088644459844,-0.0937466025352478,0.10027089715003967,0.10774792730808258,-0.027110716328024864,0.04607456922531128,0.08090467005968094,0.05486480891704559,-0.010731617920100689,0.0168179739266634,0.15330132842063904,0.006900867447257042,0.09660845249891281,0.10610837489366531,0.021708115935325623,0.14281125366687775,0.017337553203105927,0.1302739828824997,-0.10375425964593887,0.05691853165626526,0.01930127665400505,-0.00800171960145235,-0.10968925803899765,-0.13974127173423767,-0.04351909086108208,0.052675969898700714,-0.020638158544898033,-0.039713531732559204,0.11042871326208115,0.01534175593405962,0.10229773074388504,-0.1896505355834961,0.08780012279748917,0.08527301996946335,-0.027025945484638214,-0.08530866354703903,-0.03841986134648323,-0.09132550656795502,-0.0995020866394043,0.18225674331188202,0.030082669109106064,-0.09777168929576874,0.04538026824593544,0.04386715963482857,-0.0766487643122673,-0.056947484612464905,0.15101280808448792,-0.10783319920301437,0.0036336658522486687,-0.054139118641614914,-0.1892223358154297,0.19149664044380188,0.032261114567518234,-0.08599360287189484,-0.05258095636963844,-0.00953204557299614,0.04554471746087074,-0.04297506436705589,0.00895632989704609,0.1344522088766098,-0.03288329392671585,0.10178179293870926,-0.012563194148242474,-0.06686411052942276,0.00039816717617213726,-0.10641588270664215,0.16317753493785858,0.025860566645860672,0.006177726201713085,-0.010482370853424072,0.049921419471502304,-0.10721428692340851
15,2,0.03459884598851204,0.11543827503919601,0.030713094398379326,0.004234989173710346,0.018337585031986237,0.11179455369710922,0.07637161016464233,-0.10738449543714523,-0.05915393307805061,-0.1639033555984497,0.010690370574593544,-0.10261005908250809,-0.06867203861474991,0.06705567240715027,-0.05793134123086929,-0.08532978594303131,0.08998443931341171,-0.11434582620859146,0.046254951506853104,-0.09231973439455032,-0.0034376857802271843,-0.12555934488773346,0.027270233258605003,0.059782542288303375,0.07615267485380173,0.13481619954109192,0.1156139075756073,0.04555368423461914,-0.06638339906930923,-0.16721932590007782,-0.024637026712298393,0.17599321901798248,-0.0879848375916481,0.04150139540433884,-0.011066838167607784,0.0152686582878232,0.14046452939510345,-0.1395210176706314,0.14817026257514954,0.03613905981183052,-0.013565737754106522,-0.039620291441679,-0.025382159277796745,-0.030545320361852646,-0.024394705891609192,0.14090199768543243,0.07945805788040161,-0.018268220126628876,-0.007713375613093376,-0.04268476366996765,0.038883671164512634,0.033200521022081375,0.09316673129796982,0.04291056841611862,0.047264959663152695,0.2547503411769867,0.044764675199985504,-0.1676124930381775,0.15056924521923065,0.09246436506509781,-0.0390164814889431,-0.02110138162970543,0.13012608885765076,-0.013498976826667786,-0.04465813189744949,0.06383112072944641,0.10715074837207794,-0.018309542909264565,0.05024923384189606,0.06475269049406052,-0.009588191285729408,0.11197927594184875,-0.005016950890421867,0.09795843064785004,-0.1338535100221634,0.12970070540905,-0.03959861397743225,0.006230096332728863,-0.04306500032544136,-0.09080567955970764,-0.0038039269857108593,0.0704658105969429,-0.0017881614621728659,0.05001195892691612,0.14708282053470612,-0.025289446115493774,0.11494265496730804,-0.1777002513408661,0.058880362659692764,0.09594212472438812,-0.02062048949301243,-0.06609735637903214,-0.016551828011870384,-0.06959917396306992,-0.04697827994823456,0.16293571889400482,0.04378170147538185,-0.05600988119840622,0.009144649840891361,0.041521769016981125,-0.07105398923158646,-0.10025140643119812,0.06689627468585968,-0.050286274403333664,-0.0286675114184618,-0.019819799810647964,-0.22214408218860626,0.21121647953987122,0.004475407302379608,-0.11291435360908508,-0.0553789921104908,-0.01820145547389984,0.06695970147848129,-0.03369835019111633,0.034281566739082336,0.1287812739610672,-0.033484797924757004,0.0960780531167984,0.016434065997600555,-0.04808763042092323,0.055525198578834534,-0.10675835609436035,0.11825224757194519,0.07390283793210983,0.02715251035988331,0.0003614828165154904,0.12428941577672958,-0.1642988920211792
16,3,0.008423401974141598,0.021532192826271057,0.026605825871229172,0.012418696656823158,0.017064252868294716,0.08280174434185028,0.12730921804904938,-0.05283372104167938,-0.017924517393112183,-0.22221750020980835,0.06519467383623123,-0.09031535685062408,-0.11814989894628525,0.008293557912111282,-0.09791240841150284,-0.03790966048836708,0.015382434241473675,-0.005185376852750778,-0.03744908794760704,-0.019943607971072197,0.04162079840898514,-0.1071852371096611,0.05538831651210785,0.1117308959364891,0.06999663263559341,0.09238985180854797,0.13220250606536865,-0.051039110869169235,-0.06661879271268845,-0.08562229573726654,-0.008605998009443283,0.19847066700458527,-0.06496365368366241,0.028144793584942818,-0.041610293090343475,0.0578748881816864,0.12595799565315247,-0.1638244390487671,-0.006555730011314154,0.0712856873869896,0.04569388926029205,-0.039550021290779114,0.0015663047088310122,-0.055692076683044434,-0.011581497266888618,0.06571871042251587,0.0535757802426815,0.0008523471187800169,-0.09959951043128967,-0.03688473626971245,0.06539756059646606,-0.0646127238869667,0.18358196318149567,0.08740022033452988,0.0015977952862158418,0.26648351550102234,0.05182592198252678,-0.12178613245487213,0.06058407202363014,0.06579288840293884,-0.04838050901889801,0.042477790266275406,0.08904345333576202,0.06628415733575821,0.025906933471560478,0.030927713960409164,0.2016005963087082,0.02907414734363556,0.0028222554828971624,0.08337657898664474,0.062169451266527176,0.17601342499256134,0.009369275532662868,0.14047425985336304,-0.12508945167064667,-0.01710188202559948,-0.03956626355648041,0.0478699617087841,-0.13423553109169006,-0.09086466580629349,-0.05688781663775444,0.041467394679784775,-0.049270324409008026,-0.03386588394641876,0.13231627643108368,-0.007874264381825924,0.11888227611780167,-0.1808582991361618,0.12396951764822006,0.047394465655088425,-0.005993078462779522,-0.08346734941005707,-0.05386032164096832,-0.013716640882194042,-0.07718602567911148,0.1282908171415329,0.09296589344739914,-0.12216977030038834,0.07448111474514008,0.061274122446775436,-0.05097595229744911,-0.08030510693788528,0.11751667410135269,-0.07864324748516083,-0.001954281935468316,-0.07773908227682114,-0.1820274293422699,0.10783633589744568,0.07332872599363327,-0.056499794125556946,-0.07389518618583679,0.03222592547535896,0.18382209539413452,-0.034836627542972565,-0.0197870172560215,0.09307410567998886,-0.023403527215123177,0.1254575252532959,-0.03503180667757988,-0.06050041317939758,0.029420288279652596,-0.08816997706890106,0.1615270972251892,0.005624707322567701,0.007278654724359512,0.06230274960398674,0.05051377788186073,-0.12441771477460861
17,3,0.010482301004230976,0.13379909098148346,-0.007030541077256203,0.01407349482178688,0.017226960510015488,0.060689330101013184,0.1099775955080986,-0.09724687784910202,-0.08493316173553467,-0.09863487631082535,-0.011844208464026451,-0.11485151201486588,-0.0650801956653595,0.03764403238892555,-0.018295258283615112,-0.06007827818393707,0.051944632083177567,-0.16553239524364471,0.04617513343691826,-0.08747454732656479,-0.044958941638469696,-0.12856215238571167,0.08444836735725403,0.08917127549648285,0.096063531935215,0.1965898871421814,0.14423352479934692,0.08922328799962997,-0.08840125054121017,-0.17211683094501495,-0.03010847419500351,0.10978502780199051,-0.07573898881673813,0.0786491185426712,0.01604706048965454,0.05671476572751999,0.11165459454059601,-0.10096821188926697,0.1724974364042282,0.05494203418493271,-0.00387340085580945,-0.004961063619703054,-0.07547225803136826,-0.026694348081946373,0.01605859026312828,0.10821082442998886,0.02730749547481537,-0.0016648644814267755,0.002598951570689678,-0.0567360445857048,-0.0070366752333939075,0.09536468982696533,0.07369185239076614,0.020033415406942368,-0.020370034500956535,0.33179938793182373,0.07790517807006836,-0.13387255370616913,0.15569233894348145,0.06810463219881058,-0.013166272081434727,0.002980300458148122,0.07195315510034561,-0.01891217567026615,-0.08972802013158798,0.02080683410167694,0.07478521764278412,-0.03285740315914154,0.0698661208152771,0.06003072112798691,-0.007400135044008493,0.0929250419139862,0.04239537566900253,0.05371828377246857,-0.09355292469263077,0.09304330497980118,-0.04839015007019043,0.01866043359041214,-0.06994055956602097,-0.12406845390796661,0.015926305204629898,0.061713311821222305,0.0018857726827263832,0.02575973980128765,0.15312093496322632,-0.03220957890152931,0.13983207941055298,-0.10573285073041916,0.06836894154548645,0.12809565663337708,-0.08367672562599182,-0.09018871188163757,0.030940702185034752,-0.03158820420503616,-0.03752468526363373,0.11410553008317947,0.01863148994743824,-0.08856754750013351,0.0006098414305597544,0.09720475971698761,-0.05286000669002533,-0.04372645914554596,0.049245547503232956,-0.06890010088682175,0.03088289685547352,-0.028663357719779015,-0.16037026047706604,0.20826809108257294,-0.01375182718038559,-0.10573845356702805,-0.028999557718634605,0.03112461231648922,0.04295312613248825,0.010938797146081924,0.05548058822751045,0.18358513712882996,-0.03261669725179672,0.07725589722394943,0.045869532972574234,-0.030463585630059242,0.13582199811935425,-0.10954537987709045,0.05414760112762451,0.061587825417518616,0.02796824462711811,-0.04789067059755325,0.17427533864974976,-0.12470164895057678
18,3,-0.023380011320114136,0.09698911011219025,0.023193642497062683,0.04326855391263962,0.04821019992232323,0.06344214081764221,0.10556408762931824,-0.05131574347615242,-0.05903168022632599,-0.13551196455955505,0.047651637345552444,-0.13573212921619415,-0.1090182512998581,0.06991690397262573,-0.07735864073038101,-0.11788612604141235,0.05779920518398285,-0.13984625041484833,-0.003436815459281206,-0.08133462816476822,-0.04838250204920769,-0.1452355831861496,0.05665555223822594,0.06611234694719315,0.08933883905410767,0.19409647583961487,0.11859090626239777,0.0427808053791523,-0.05474758893251419,-0.20872487127780914,0.02498249150812626,0.1081540659070015,-0.07328513264656067,0.04869024083018303,-0.017015373334288597,0.06179350987076759,0.11766065657138824,-0.055940888822078705,0.1472320258617401,0.023561744019389153,-0.038587719202041626,-0.001734847784973681,-0.028501886874437332,-0.036057163029909134,-0.007900230586528778,0.14999069273471832,0.05143020302057266,0.03681452199816704,-0.02498782053589821,-0.06248117610812187,0.08051624894142151,0.11297827959060669,0.10515554249286652,0.03996079042553902,0.005552071146667004,0.30410605669021606,0.0271909162402153,-0.14840167760849,0.16868644952774048,0.08300092071294785,-0.011602743528783321,0.02063869871199131,0.05476895347237587,-0.022767560556530952,-0.05640614405274391,0.062012702226638794,0.029910724610090256,-0.004886246751993895,0.06800737977027893,0.09487822651863098,-0.01278261374682188,0.051878493279218674,-0.03574541211128235,0.044104594737291336,-0.13555121421813965,0.13738876581192017,-0.047314390540122986,0.012135564349591732,-0.07849152386188507,-0.08671031892299652,0.007378185633569956,0.06568055599927902,0.020767344161868095,0.04376128688454628,0.10267220437526703,0.0018035266548395157,0.16186575591564178,-0.11591075360774994,0.06837280839681625,0.10060089826583862,-0.08755511045455933,-0.09088414907455444,0.02016988955438137,-0.031482454389333725,-0.0273518655449152,0.12233097106218338,0.05073122680187225,-0.09131456166505814,0.04715486615896225,0.11545290797948837,-0.07519204914569855,-0.08273331075906754,0.05109860748052597,-0.015337631106376648,0.0025398745201528072,0.004058095160871744,-0.16865356266498566,0.20800703763961792,-0.00597352022305131,-0.1041790321469307,-0.016989802941679955,-0.03502911329269409,0.03854675963521004,-0.027466729283332825,0.04313941299915314,0.1888095587491989,-0.07879374921321869,0.07980921119451523,0.015088546089828014,-0.09308759868144989,0.07955008000135422,-0.10294153541326523,0.012531889602541924,0.08804063498973846,0.013642950914800167,-0.022282283753156662,0.14632751047611237,-0.12329988926649094
19,3,0.028701912611722946,0.044711969792842865,0.027324112132191658,0.00823209434747696,0.015659186989068985,0.07495101541280746,0.11063352972269058,-0.06717235594987869,0.0012110105017200112,-0.24018627405166626,0.06248794496059418,-0.07201819866895676,-0.10102694481611252,0.0030093365348875523,-0.0930183082818985,-0.04081808775663376,0.040756165981292725,-0.01449620071798563,-0.029671920463442802,0.002187609439715743,0.05881958082318306,-0.12169792503118515,0.045840341597795486,0.08187555521726608,0.05009845271706581,0.08979684859514236,0.12418873608112335,-0.025972409173846245,-0.0930686667561531,-0.0989777073264122,-0.034947410225868225,0.22305427491664886,-0.10142166912555695,0.0471779964864254,-0.05520886555314064,0.04753560200333595,0.12870481610298157,-0.1432713121175766,0.004100167658179998,0.08588304370641708,0.04399075359106064,-0.03548664227128029,0.002426068065688014,-0.05349622294306755,-0.03355470299720764,0.07667329907417297,0.06253484636545181,-0.006109182722866535,-0.08147023618221283,-0.040768787264823914,0.06425854563713074,-0.062153805047273636,0.1587253212928772,0.07195944339036942,0.022106444463133812,0.25284138321876526,0.05085339769721031,-0.10454420745372772,0.07420921325683594,0.0770973265171051,-0.048749685287475586,0.05611668899655342,0.07500975579023361,0.08026731759309769,0.03669743239879608,0.020822834223508835,0.20488996803760529,0.012856947258114815,0.0004506706609390676,0.08008348941802979,0.059114377945661545,0.17104829847812653,0.009756892919540405,0.15279968082904816,-0.11557968705892563,0.012774566188454628,-0.04176886007189751,0.03654421493411064,-0.1571652740240097,-0.11981289088726044,-0.0496099479496479,0.02588837780058384,-0.03658697009086609,-0.025628380477428436,0.12171991914510727,-0.014148769900202751,0.1134127601981163,-0.20190344750881195,0.09904775768518448,0.020597312599420547,-0.0003948878438677639,-0.10753344744443893,-0.04599377140402794,-0.04767689108848572,-0.06749675422906876,0.12957076728343964,0.09094708412885666,-0.12148260325193405,0.0762493908405304,0.04974446818232536,-0.05366398021578789,-0.06941558420658112,0.08266851305961609,-0.09922265261411667,-0.014130426570773125,-0.07225912064313889,-0.16982515156269073,0.10713256150484085,0.07664013653993607,-0.06388238817453384,-0.07111439853906631,0.02966996096074581,0.16423064470291138,-0.031063510105013847,-0.022925127297639847,0.11457681655883789,-0.04189850017428398,0.13239449262619019,-0.04789668321609497,-0.04991045221686363,0.029742620885372162,-0.08056508004665375,0.17093326151371002,-0.012584648095071316,0.002908859634771943,0.04903973266482353,0.05113409459590912,-0.13883717358112335
20,3,0.021039996296167374,0.09612854570150375,0.030040549114346504,0.008953828364610672,0.040299758315086365,0.06807958334684372,0.09934689104557037,-0.08251816779375076,-0.0776059702038765,-0.13641467690467834,-0.0014892520848661661,-0.11379670351743698,-0.07917934656143188,0.05281137302517891,-0.040914472192525864,-0.061450015753507614,0.05463983118534088,-0.11943093687295914,0.03983965888619423,-0.06575856357812881,-0.01178249716758728,-0.11832332611083984,0.08075934648513794,0.098570317029953,0.0863441675901413,0.16095545887947083,0.14787611365318298,0.040408745408058167,-0.0887775644659996,-0.15800119936466217,0.0017222609603777528,0.13524560630321503,-0.0712578073143959,0.07917370647192001,-0.01133769191801548,0.0538279265165329,0.14261987805366516,-0.14367376267910004,0.13856109976768494,0.08629453182220459,0.011461553163826466,-0.021169910207390785,-0.027604687958955765,-0.05426817759871483,0.028430571779608727,0.10210321098566055,0.06229673698544502,-0.005019087810069323,0.004449213854968548,-0.04210828244686127,-0.014484810642898083,0.04095381870865822,0.09625134617090225,0.031226245686411858,-0.037392567843198776,0.2965749204158783,0.0775034949183464,-0.13693206012248993,0.1596669852733612,0.07784751802682877,-0.020159849897027016,-0.001992924837395549,0.0877852588891983,-0.004546427167952061,-0.09696333110332489,0.016595592722296715,0.12917257845401764,-0.02214854769408703,0.04979248344898224,0.05940932035446167,-0.01208450272679329,0.0957886278629303,0.05534512177109718,0.08821803331375122,-0.09687989205121994,0.06221682205796242,-0.017990825697779655,0.024681320413947105,-0.09214052557945251,-0.11831682920455933,-0.026923688128590584,0.04283643141388893,-0.008876822888851166,0.01613055355846882,0.16340115666389465,0.004379777237772942,0.14751212298870087,-0.12254226207733154,0.10243210941553116,0.14838123321533203,-0.07579772174358368,-0.04638315737247467,0.004589856136590242,-0.04567880928516388,-0.04569704458117485,0.11829765886068344,0.015099288895726204,-0.11217992007732391,0.025778498500585556,0.09884244948625565,-0.05250567942857742,-0.046513453125953674,0.08905700594186783,-0.11039046943187714,0.04713016375899315,-0.04142187908291817,-0.18594041466712952,0.2259954959154129,-0.0130630386993289,-0.11517421156167984,-0.03577936068177223,0.02675502747297287,0.0650528222322464,-0.004626685753464699,0.05473361909389496,0.1593111902475357,-0.02425648830831051,0.09955362230539322,0.027248188853263855,-0.04594255983829498,0.08305083960294724,-0.13095727562904358,0.06070753186941147,0.07062030583620071,0.032901182770729065,-0.046361684799194336,0.13310623168945312,-0.12635335326194763
21,4,0.009957937523722649,0.039632055908441544,0.045978859066963196,0.02753397449851036,0.04210784658789635,0.08914630115032196,0.13404376804828644,-0.08089344948530197,-0.07915356755256653,-0.17477913200855255,0.04414897784590721,-0.13746841251850128,-0.0890992283821106,0.06949777901172638,-0.06798148155212402,-0.09521076083183289,0.04644688591361046,-0.08508234471082687,0.018236830830574036,-0.061734046787023544,-0.021011294797062874,-0.16699935495853424,0.0718008428812027,0.06252048164606094,0.061935730278491974,0.14819401502609253,0.13848552107810974,-0.014264671131968498,-0.08094724267721176,-0.144249826669693,0.022973913699388504,0.16070908308029175,-0.07708646357059479,0.03561018407344818,-0.04377475380897522,0.038910672068595886,0.16114619374275208,-0.12211141735315323,0.14378999173641205,0.06505008786916733,0.024716783314943314,-0.04070364683866501,-0.0016565145924687386,-0.05952872335910797,-0.015052590519189835,0.10280510038137436,0.06837288290262222,0.008055338636040688,-0.023723723366856575,-0.057863298803567886,0.055140171200037,0.03403439745306969,0.12277055531740189,0.06017833203077316,0.003216078504920006,0.267837792634964,0.06193801388144493,-0.1091071367263794,0.1374952346086502,0.1050480529665947,-0.03490423783659935,-0.04217901453375816,0.11586465686559677,0.004028404131531715,-0.04453296214342117,0.027280276641249657,0.13669392466545105,-0.009785361588001251,0.024671277031302452,0.10714858770370483,0.004493160638958216,0.12198860198259354,-0.005337591748684645,0.1231173500418663,-0.13470850884914398,0.0848853662610054,-0.04900035262107849,0.028674498200416565,-0.11312274634838104,-0.08136522024869919,-0.03746479004621506,0.0772356390953064,0.01607067883014679,0.005139643792062998,0.1065514013171196,0.006624517031013966,0.11623171716928482,-0.16527265310287476,0.07444842159748077,0.09315557032823563,-0.05191656947135925,-0.09045393019914627,-0.03035428375005722,-0.03268248960375786,-0.0811687558889389,0.13499923050403595,0.020596083253622055,-0.09631707519292831,0.054267559200525284,0.06511105597019196,-0.08205319941043854,-0.09791126847267151,0.09569844603538513,-0.06115910783410072,-0.0053214263170957565,-0.03131008520722389,-0.20294862985610962,0.18485374748706818,0.022103115916252136,-0.09987661242485046,-0.06861929595470428,0.019935255870223045,0.1041540578007698,-0.0607551671564579,0.04441457986831665,0.12185848504304886,-0.030207164585590363,0.07647448778152466,-0.023902807384729385,-0.07003650069236755,0.04963688179850578,-0.12980802357196808,0.10686196386814117,0.05743120610713959,-0.02952832728624344,0.025775251910090446,0.09515570104122162,-0.1382712423801422
22,4,0.02809201367199421,0.07161257416009903,0.03648063540458679,0.03204500302672386,0.06273096054792404,0.07087264955043793,0.07496806234121323,-0.09381657093763351,-0.05988738313317299,-0.19563497602939606,0.048426900058984756,-0.1336205154657364,-0.08906298875808716,0.08108600229024887,-0.11551709473133087,-0.10039364546537399,0.0712512731552124,-0.09923731535673141,0.019619515165686607,-0.03406163305044174,0.006769175641238689,-0.10994511842727661,0.05355767160654068,0.06615111976861954,0.03239193558692932,0.1276485174894333,0.13091666996479034,-0.019649479538202286,-0.04820815846323967,-0.151084303855896,0.038084592670202255,0.17104682326316833,-0.024426715448498726,0.0009454145329073071,-0.04148435965180397,0.036894429475069046,0.1679987907409668,-0.1203479915857315,0.1066756397485733,0.06235438585281372,-0.026805827394127846,-0.04004771262407303,-0.018745386973023415,-0.058830611407756805,-0.0328073613345623,0.13301721215248108,0.06744864583015442,0.0016806009225547314,-0.006805815268307924,-0.05180668085813522,0.08501927554607391,0.009033631533384323,0.11470165848731995,0.036223527044057846,0.028500555083155632,0.27364736795425415,0.04027047008275986,-0.13235783576965332,0.13032297790050507,0.1107829287648201,-0.04276027902960777,-0.016309482976794243,0.1383451372385025,0.005084339529275894,-0.07000692188739777,0.04639945924282074,0.1453464776277542,0.015482639893889427,0.06670112162828445,0.09939885139465332,-0.01355272252112627,0.0854078084230423,-0.05933479964733124,0.0994054302573204,-0.1439216285943985,0.09861963242292404,-0.04909982904791832,0.006824330892413855,-0.09918719530105591,-0.1286744773387909,-0.001810471061617136,0.0677841305732727,0.0386619046330452,0.06208939105272293,0.09181373566389084,0.03783467411994934,0.10125066339969635,-0.1622398942708969,0.06754789501428604,0.03514156863093376,-0.021569518372416496,-0.07676806300878525,-0.0016718690749257803,-0.05648506060242653,-0.060429975390434265,0.13962310552597046,0.04754241183400154,-0.11890967935323715,0.07642585039138794,0.06305170059204102,-0.12334295362234116,-0.07454187422990799,0.10301664471626282,-0.0576053149998188,-0.00918259285390377,-0.06995533406734467,-0.196328803896904,0.2149631828069687,0.005901852622628212,-0.13238832354545593,-0.07669556140899658,-0.03902808204293251,0.06925294548273087,-0.01770666055381298,0.013916716910898685,0.13071541488170624,-0.031047126278281212,0.1053277924656868,-0.03273877128958702,-0.07006146758794785,0.01368916779756546,-0.10669272392988205,0.0972001850605011,0.03124350681900978,0.027032405138015747,0.012409520335495472,0.061492934823036194,-0.14249393343925476
23,4,0.012784534133970737,0.1005641520023346,-0.03589113801717758,0.02673483081161976,-0.02842813730239868,0.047435496002435684,0.05032676085829735,-0.08304094523191452,-0.07975337654352188,-0.20114442706108093,-0.002282070694491267,-0.11576458066701889,-0.08613533526659012,0.04482557624578476,0.02826843224465847,-0.08496765047311783,0.0858762115240097,-0.06398998945951462,0.03390267491340637,-0.07659544050693512,-0.060357388108968735,-0.16252513229846954,0.06663034856319427,0.04305681213736534,0.08306620270013809,0.18438388407230377,0.09192279726266861,0.051336441189050674,-0.11888916790485382,-0.17467091977596283,-0.008413387462496758,0.1702267825603485,-0.11817677319049835,0.0760163962841034,0.020207230001688004,0.017980288714170456,0.13767586648464203,-0.13515418767929077,0.16816212236881256,0.10395759344100952,-0.007425679825246334,0.01547714602202177,-0.0028042143676429987,-0.04268432408571243,0.09266318380832672,0.13464076817035675,0.07184863835573196,0.03980828449130058,0.05389140546321869,-0.026551639661192894,-0.011104665696620941,0.04665983468294144,0.08753756433725357,0.07432430237531662,0.021918002516031265,0.26617059111595154,0.09727012366056442,-0.11013327538967133,0.15617063641548157,0.08014899492263794,0.017705844715237617,0.027821697294712067,0.07116986811161041,0.02960423193871975,-0.04455528408288956,0.0471830852329731,0.11372371017932892,-0.01981401816010475,0.019492458552122116,0.045956630259752274,-0.03281195089221001,0.137991800904274,0.015840942040085793,0.03874337673187256,-0.12846262753009796,0.04958735778927803,-0.0727747306227684,-0.022210633382201195,-0.11322256177663803,-0.13647519052028656,-0.017913252115249634,0.016620248556137085,-0.030720893293619156,0.023738142102956772,0.15502414107322693,-0.10345099866390228,0.05921360105276108,-0.14391428232192993,0.02637968212366104,0.05241314321756363,-0.03565238416194916,-0.09473375231027603,-0.04399469867348671,-0.06942657381296158,-0.07755338400602341,0.11753387004137039,0.05070241168141365,-0.02977440319955349,-0.029783617705106735,0.05955134332180023,0.007544150575995445,-0.09743596613407135,0.051165662705898285,-0.048642706125974655,0.028220823034644127,0.020065471529960632,-0.20632196962833405,0.1759876310825348,-0.03249306231737137,-0.08713125437498093,-0.05481451377272606,0.02853899635374546,0.07142060995101929,-0.040839653462171555,0.014451362192630768,0.13480791449546814,-0.06609906256198883,0.04758816212415695,0.04242919012904167,-0.020004546269774437,0.08997835963964462,-0.12364756315946579,0.1253977119922638,0.04447774961590767,0.03208915889263153,-0.11259016394615173,0.1392802596092224,-0.13262134790420532
24,4,-0.014963597059249878,0.057058900594711304,0.03011658787727356,0.0236020740121603,0.05713434889912605,0.04597087949514389,0.10229410976171494,-0.06554634124040604,-0.08236449956893921,-0.18596655130386353,0.0608351044356823,-0.11947973817586899,-0.06670239567756653,0.061650171875953674,-0.04634774103760719,-0.05758135765790939,0.06390569359064102,-0.09846322983503342,-0.03744442015886307,-0.058342959731817245,-0.015371592715382576,-0.17954131960868835,0.04166164621710777,0.09128910303115845,0.041613705456256866,0.1889941394329071,0.09929753094911575,0.01631454937160015,-0.05036383867263794,-0.15207259356975555,0.027232524007558823,0.14771375060081482,-0.08976538479328156,-0.007370655424892902,-0.017891472205519676,0.07817201316356659,0.11686540395021439,-0.09907936304807663,0.09033039957284927,0.09653403609991074,0.01620350033044815,-0.0007252510986290872,0.05419846251606941,-0.050048764795064926,-0.03519981727004051,0.13092149794101715,0.06578347086906433,0.012431616894900799,-0.05267094820737839,-0.08905528485774994,0.09194020926952362,0.03357471525669098,0.12791340053081512,0.07079418748617172,0.0328926183283329,0.24501962959766388,0.04203466698527336,-0.12419410049915314,0.138379767537117,0.13337551057338715,-0.01707945205271244,0.004348146729171276,0.09870560467243195,0.028391629457473755,-0.04704403132200241,0.028153100982308388,0.11867587268352509,-0.002332832897081971,0.08664781600236893,0.12444832921028137,0.03087162785232067,0.1617700606584549,-0.04299654811620712,0.1285143494606018,-0.12063416838645935,0.11220861226320267,-0.04822586849331856,0.05424223467707634,-0.09796182066202164,-0.11179827898740768,-0.023167850449681282,0.07501427084207535,-0.02426963672041893,-0.02893708646297455,0.08440905809402466,-0.016273537650704384,0.09566646069288254,-0.18451887369155884,0.06023174896836281,0.04637979716062546,-0.020543651655316353,-0.10004620999097824,0.016508156433701515,-0.014194363728165627,-0.07922232896089554,0.16868115961551666,0.054736942052841187,-0.050183989107608795,0.062281038612127304,0.060866519808769226,-0.06788512319326401,-0.11863008886575699,0.08187249302864075,-0.03792685270309448,-0.0003151353739667684,-0.07125180959701538,-0.19841152429580688,0.1707914173603058,0.0006625956739298999,-0.055021870881319046,-0.05841660872101784,0.031210623681545258,0.12293694913387299,-0.05590944364666939,-0.0013783674221485853,0.12996244430541992,-0.03886537253856659,0.07801765948534012,-0.037276435643434525,-0.07860789448022842,0.06708815693855286,-0.1253546178340912,0.1154499351978302,0.00416089640930295,-0.02381301298737526,0.01902753673493862,0.09313169866800308,-0.1703539788722992
25,4,0.018939955160021782,0.05624222755432129,0.025319518521428108,0.000216839907807298,0.034018050879240036,0.06722564995288849,0.08598535507917404,-0.057983096688985825,-0.0010719007113948464,-0.23839251697063446,0.0646294355392456,-0.08074622601270676,-0.12393640726804733,0.05754682421684265,-0.10566815733909607,-0.06827530264854431,0.054254334419965744,-0.008516347967088223,0.003925109747797251,-0.006138065829873085,0.007433868944644928,-0.1413082331418991,0.06888881325721741,0.07422129809856415,0.0338335782289505,0.11652643233537674,0.12550051510334015,-0.03990677371621132,-0.07635447382926941,-0.11281663924455643,0.007055072113871574,0.18829473853111267,-0.08005183190107346,0.009793953970074654,-0.06443600356578827,0.06689291447401047,0.14262497425079346,-0.14804773032665253,0.06631290912628174,0.08280756324529648,0.007112874183803797,-0.05409272015094757,0.02499573305249214,-0.06787990778684616,0.0062730866484344006,0.09686875343322754,0.05027962476015091,-0.03744300454854965,-0.0824621394276619,-0.018119312822818756,0.047674983739852905,-0.06863512843847275,0.14512436091899872,0.10193206369876862,-0.023775974288582802,0.2407209426164627,0.02928750216960907,-0.13165372610092163,0.09534665197134018,0.09067144989967346,-0.03529839962720871,0.05465676635503769,0.10887032747268677,0.02392413467168808,-0.018460718914866447,0.047450952231884,0.17677335441112518,0.021553628146648407,0.027335891500115395,0.10565602779388428,0.02567875199019909,0.1694391518831253,0.006122271530330181,0.13426224887371063,-0.10815005749464035,0.0429525226354599,-0.022400030866265297,0.003790400456637144,-0.10757742822170258,-0.1279260367155075,-0.038923922926187515,0.045497260987758636,-0.03291334956884384,-0.03537817299365997,0.12817040085792542,0.008210797794163227,0.10373923182487488,-0.17197923362255096,0.10857092589139938,0.06675759702920914,-0.009168392047286034,-0.08278629928827286,-0.0502680167555809,-0.05903490260243416,-0.12019724398851395,0.1416218876838684,0.04308931529521942,-0.09194453060626984,0.053177203983068466,0.04454314708709717,-0.06773869693279266,-0.06241271644830704,0.15861788392066956,-0.12011618912220001,0.02613135799765587,-0.06130638346076012,-0.18491242825984955,0.16788294911384583,0.02623450756072998,-0.08353877812623978,-0.028729859739542007,0.030968761071562767,0.1121768057346344,-0.04395178332924843,-0.0037916647270321846,0.1235375851392746,-0.041315045207738876,0.134121835231781,-0.02913077175617218,-0.06026683375239372,0.005366617348045111,-0.09100127220153809,0.16274484992027283,0.027782956138253212,0.020822443068027496,-0.003563953097909689,0.05033688247203827,-0.13184136152267456
26,5,-0.012464329600334167,0.045201122760772705,0.03415920212864876,-0.010017824359238148,0.07632230967283249,0.05851232632994652,0.05639241635799408,-0.08422315120697021,-0.04091702029109001,-0.2126988172531128,0.05074285715818405,-0.10341823101043701,-0.09748567640781403,0.041285816580057144,-0.08643847703933716,-0.05024496838450432,0.04028698056936264,-0.061202604323625565,0.004500060807913542,-0.07214135676622391,0.013549000024795532,-0.14450398087501526,0.03888688236474991,0.1186269074678421,0.0220868568867445,0.12686894834041595,0.1233961433172226,-0.00752138439565897,-0.07761608064174652,-0.12622742354869843,0.029831135645508766,0.1833559274673462,-0.01675732433795929,0.01892671175301075,-0.06597328931093216,0.06976316124200821,0.15632744133472443,-0.14594759047031403,0.059712398797273636,0.08867235481739044,0.03795209527015686,-0.03900143876671791,0.0159191582351923,-0.06163812056183815,-0.041231755167245865,0.12192218005657196,0.06108160689473152,0.014831429347395897,-0.04574292153120041,-0.07289885729551315,0.0886576771736145,-0.03120388835668564,0.13324420154094696,0.07280859351158142,0.03757496178150177,0.2579764425754547,0.0392526239156723,-0.144791379570961,0.11813833564519882,0.11238417774438858,-0.030523095279932022,-0.0053128814324736595,0.10684460401535034,0.07704991847276688,-0.022994430735707283,0.02429254911839962,0.16270872950553894,0.003386225551366806,0.075550377368927,0.08369260281324387,0.013087987899780273,0.12776488065719604,-0.027697749435901642,0.15464133024215698,-0.13132745027542114,0.06962110847234726,-0.04203816130757332,0.0529031865298748,-0.10410376638174057,-0.12435366213321686,-0.05142892152070999,0.06429516524076462,-0.015654494985938072,0.01457687746733427,0.08964962512254715,0.00812996830791235,0.11936339735984802,-0.15033413469791412,0.06398425996303558,0.07056968659162521,-0.0023700303863734007,-0.08229295909404755,0.01079458836466074,-0.03827818110585213,-0.054073266685009,0.13837040960788727,0.05315364524722099,-0.09737545996904373,0.05009648576378822,0.07181829959154129,-0.09961012005805969,-0.10463908314704895,0.10445268452167511,-0.0660632997751236,-0.01192857138812542,-0.09869363903999329,-0.227773055434227,0.17266541719436646,0.011348500847816467,-0.09568876773118973,-0.08830087631940842,-0.013912616297602654,0.10250939428806305,-0.018417062237858772,-0.004173933062702417,0.12522965669631958,-0.009641677141189575,0.09799394011497498,-0.03139323368668556,-0.05532291531562805,-0.009905233979225159,-0.1149350106716156,0.14028197526931763,0.021836623549461365,0.01932121440768242,0.010094105266034603,0.08403495699167252,-0.13570795953273773
27,5,0.022501787170767784,0.07073751091957092,0.025156084448099136,0.007671772968024015,0.035187460482120514,0.09982769936323166,0.09070868045091629,-0.06316454708576202,-0.027847565710544586,-0.21846334636211395,0.0609414204955101,-0.0921875536441803,-0.11863323301076889,0.008335322141647339,-0.09304329752922058,-0.023829858750104904,0.04129808396100998,-0.030794156715273857,-0.014949114993214607,0.0017964706057682633,0.03172925487160683,-0.08352316170930862,0.04026873782277107,0.10120438784360886,0.06071881204843521,0.08757176250219345,0.13719332218170166,0.0030271417926996946,-0.07878285646438599,-0.10113945603370667,-0.0011723468778654933,0.19397388398647308,-0.05932895839214325,0.03293544799089432,-0.058282122015953064,0.061871908605098724,0.12959159910678864,-0.17803090810775757,0.04509929567575455,0.10623686015605927,0.027530325576663017,-0.06839419901371002,-0.01086096279323101,-0.05574442073702812,-0.004995853640139103,0.0784170851111412,0.05088850483298302,-0.0016135004116222262,-0.09345084428787231,-0.030562762171030045,0.01587769202888012,-0.04131794348359108,0.15299338102340698,0.12007874995470047,0.0015166968805715442,0.2755841314792633,0.046441879123449326,-0.14840324223041534,0.09196703135967255,0.07435237616300583,-0.03204748407006264,0.03178543597459793,0.11296575516462326,0.06718332320451736,0.010682112537324429,0.03521484136581421,0.19628143310546875,0.026685567572712898,-0.00963965430855751,0.057618096470832825,0.009684152901172638,0.16205823421478271,0.03626177832484245,0.16174748539924622,-0.10666388273239136,0.044675037264823914,-0.021726291626691818,0.05326659604907036,-0.10670500993728638,-0.07275626063346863,-0.059198882430791855,0.04613693803548813,-0.059400301426649094,-0.004265886265784502,0.18441133201122284,-0.02028411440551281,0.10695024579763412,-0.17805467545986176,0.11497632414102554,0.06435249745845795,-0.003395629581063986,-0.06632538884878159,-0.032817620784044266,-0.05485384166240692,-0.07909055054187775,0.1142612099647522,0.04738243669271469,-0.12333205342292786,0.04599790275096893,0.029359176754951477,-0.06841902434825897,-0.06917961686849594,0.10159443318843842,-0.09179487824440002,0.005708097480237484,-0.07503436505794525,-0.19280433654785156,0.1483771800994873,0.059771306812763214,-0.08607739210128784,-0.045946940779685974,0.02272503450512886,0.15233668684959412,-0.020667100325226784,-0.010561381466686726,0.12221208959817886,-0.022345028817653656,0.1402934044599533,-0.014944484457373619,-0.02772531285881996,0.036264076828956604,-0.0777941420674324,0.1621008813381195,0.005776854697614908,0.03084556944668293,0.03131311386823654,0.07311508804559708,-0.1197558268904686
28,5,0.023752132430672646,0.10943404585123062,-0.025372764095664024,-0.016160212457180023,0.01947598345577717,0.06726466119289398,0.044824037700891495,-0.10347497463226318,-0.04559929296374321,-0.19763849675655365,0.042928390204906464,-0.07025697827339172,-0.09525375813245773,0.06829407066106796,-0.007682721130549908,-0.12380606681108475,0.06455441564321518,-0.09572572261095047,0.020316891372203827,-0.05095279961824417,0.014900860376656055,-0.2052163928747177,0.04445083066821098,0.07597910612821579,0.05001695826649666,0.1093403697013855,0.11863812059164047,-0.013043808750808239,-0.1222362220287323,-0.14400380849838257,0.050151512026786804,0.1711140125989914,-0.07859136909246445,0.08788499981164932,-0.05197765678167343,0.04953893646597862,0.13580749928951263,-0.16251081228256226,0.09379220008850098,0.12069058418273926,0.008444980718195438,0.00979068037122488,-0.0066579473204910755,-0.058701325207948685,-0.013447326608002186,0.11696068197488785,0.0584760382771492,0.04397158697247505,0.006701770704239607,-0.0822892040014267,0.014887845143675804,-0.0024115461856126785,0.10561441630125046,0.0869932547211647,0.030343113467097282,0.2561274468898773,0.05485201254487038,-0.11963334679603577,0.14734427630901337,0.05567466840147972,-0.009748817421495914,0.04313042387366295,0.1029147282242775,0.03433018922805786,-0.04293520748615265,0.009436006657779217,0.10770998895168304,-0.028744550421833992,0.029107240960001945,0.05471038818359375,-0.0006068673101253808,0.13518384099006653,0.033755991607904434,0.0896708145737648,-0.16199342906475067,0.05465731769800186,-0.003483034437522292,-0.0075027612037956715,-0.1259632557630539,-0.15825659036636353,-0.03709524869918823,0.023818908259272575,-0.04426426440477371,0.02514542080461979,0.11285621672868729,-0.02620476484298706,0.08854654431343079,-0.163635715842247,0.08990182727575302,0.08003788441419601,-0.03701624646782875,-0.09631817787885666,-0.014085698872804642,-0.04259483516216278,-0.037778958678245544,0.16465918719768524,0.07517480105161667,-0.07418159395456314,0.035132065415382385,0.08998264372348785,-0.04069540277123451,-0.08839797973632812,0.10211297869682312,-0.052581511437892914,0.05258309468626976,-0.042433712631464005,-0.19613905251026154,0.19845344126224518,0.009372747503221035,-0.13032320141792297,-0.046045996248722076,-0.02401803992688656,0.061393652111291885,-0.031570564955472946,0.005900311283767223,0.16268959641456604,-0.06841236352920532,0.0980347990989685,0.03372616693377495,-0.025490447878837585,-0.0040947129018604755,-0.10670515894889832,0.10166545957326889,0.01944580487906933,0.02196851186454296,-0.02414874918758869,0.10346150398254395,-0.14249125123023987
29,5,0.03128870576620102,0.09710627049207687,0.007314309943467379,-0.019120359793305397,0.03534385934472084,0.08098951727151871,0.044710781425237656,-0.07740423083305359,-0.02475503273308277,-0.21971853077411652,0.04012920707464218,-0.04878068342804909,-0.10180266201496124,0.013187913224101067,-0.0324956439435482,-0.0651279017329216,0.05520474165678024,-0.04399000480771065,0.03996644169092178,-0.038629982620477676,0.029370058327913284,-0.10693958401679993,0.02134561911225319,0.08523983508348465,0.019020874053239822,0.09491875022649765,0.13777852058410645,0.013856032863259315,-0.11673881858587265,-0.12976659834384918,-0.03558022528886795,0.22786325216293335,-0.0969705879688263,0.04692940413951874,-0.04068564251065254,0.045460447669029236,0.157220721244812,-0.2182503342628479,0.08751748502254486,0.09129419922828674,0.040753189474344254,-0.04870246350765228,-0.012201526202261448,-0.05884292349219322,0.007252774201333523,0.12602615356445312,0.07464513182640076,-0.057497113943099976,-0.031071148812770844,-0.011602438054978848,-0.007561681792140007,-0.054113391786813736,0.12693989276885986,0.06414370238780975,0.028701331466436386,0.24907135963439941,0.05669861286878586,-0.14825375378131866,0.10501160472631454,0.05233865976333618,-0.024435559287667274,0.009679308161139488,0.13440564274787903,0.024431584402918816,-0.029689572751522064,0.04567764699459076,0.20047637820243835,-0.024407044053077698,-0.003824422834441066,0.04027211293578148,0.025796590372920036,0.16715127229690552,0.04061276093125343,0.15832102298736572,-0.11210367828607559,0.03333793208003044,-0.033249735832214355,0.02867875061929226,-0.11298789083957672,-0.09426068514585495,-0.06813111901283264,0.034757349640131,-0.05032160505652428,0.004712966736406088,0.15891775488853455,-0.035438865423202515,0.08339858800172806,-0.16080975532531738,0.11012996733188629,0.0741795226931572,-0.02098809741437435,-0.07303805649280548,-0.04803572595119476,-0.04461422190070152,-0.048463597893714905,0.10067695379257202,0.05704181641340256,-0.06893985718488693,0.021731125190854073,0.04132585600018501,-0.04370851069688797,-0.1036330908536911,0.10212459415197372,-0.10372916609048843,0.03004884347319603,-0.06100180000066757,-0.19547605514526367,0.19129210710525513,0.024123473092913628,-0.06860600411891937,-0.03386612609028816,0.004297405015677214,0.12586283683776855,-0.010102790780365467,0.0009341884288005531,0.12797826528549194,-0.022549599409103394,0.11646190285682678,0.007725471165031195,-0.020819874480366707,-0.017350612208247185,-0.08680329471826553,0.1586986482143402,0.025934774428606033,0.021843653172254562,0.007179858162999153,0.06653843075037003,-0.1463378369808197
30,5,0.0167616605758667,0.11615928262472153,0.01198719535022974,-0.023956477642059326,0.05342000722885132,0.07189162820577621,0.06963030248880386,-0.0939401313662529,-0.0449368953704834,-0.17623069882392883,0.012849165126681328,-0.12214408814907074,-0.0640353187918663,0.028890589252114296,-0.017259059473872185,-0.03789590299129486,0.02561677247285843,-0.09192382544279099,0.05240039899945259,-0.061627838760614395,0.04006261005997658,-0.13913032412528992,0.06741620600223541,0.09024051576852798,0.0532071515917778,0.1205059215426445,0.13736982643604279,0.048511531203985214,-0.12678956985473633,-0.1531287431716919,-0.03129328414797783,0.16891513764858246,-0.08302769809961319,0.09470033645629883,-0.025082122534513474,0.035629838705062866,0.13340109586715698,-0.15168170630931854,0.11652271449565887,0.1017398089170456,0.024653378874063492,-0.03532283753156662,-0.01416426245123148,-0.05074629560112953,-0.04673176258802414,0.10760031640529633,0.04070494323968887,0.0005137820262461901,-0.01068173535168171,-0.06567016988992691,0.0049154008738696575,0.011979633010923862,0.09714118391275406,0.1066911444067955,0.006911378353834152,0.2586155831813812,0.034991104155778885,-0.1507950723171234,0.11504124850034714,0.0769975557923317,-0.018482035025954247,0.02944326400756836,0.09650375694036484,0.04435916244983673,-0.07084862887859344,-0.029001636430621147,0.12637333571910858,-0.056941110640764236,0.04962470754981041,0.03349144011735916,-0.016904359683394432,0.11310925334692001,0.05753432586789131,0.10208439081907272,-0.13502611219882965,0.08810736238956451,-0.0208366010338068,0.05592285841703415,-0.0856436938047409,-0.15395377576351166,-0.013136690482497215,0.03239553049206734,-0.02966376021504402,0.027399184182286263,0.14639854431152344,-0.03362857922911644,0.1450861692428589,-0.15942208468914032,0.09125851839780807,0.09930230677127838,-0.02222403511404991,-0.07176081836223602,0.0013042117934674025,-0.051822442561388016,-0.04868538677692413,0.14788495004177094,0.02263014204800129,-0.13880231976509094,0.03717422112822533,0.06909429281949997,-0.06083185225725174,-0.03622942790389061,0.08613432943820953,-0.09156958758831024,0.05384916067123413,-0.07272360473871231,-0.20824261009693146,0.20197953283786774,-0.002536775078624487,-0.1266208440065384,-0.031789831817150116,-0.03213934227824211,0.05149858444929123,0.007038497366011143,0.006541898939758539,0.16289955377578735,-0.024610092863440514,0.11674654483795166,-0.006047463975846767,-0.02587835304439068,0.012782667763531208,-0.10007289052009583,0.10636068880558014,0.058843523263931274,0.027520637959241867,-0.01561475358903408,0.11983510106801987,-0.14541487395763397
31,6,0.03345351666212082,0.10194984078407288,0.02910943515598774,-0.001719086547382176,0.03534216061234474,0.05365236476063728,0.09648426622152328,-0.09053989499807358,-0.07272815704345703,-0.16885748505592346,0.02630760706961155,-0.13034778833389282,-0.10613842308521271,0.09193792194128036,-0.019052166491746902,-0.09411780536174774,0.04118940234184265,-0.09176909178495407,0.00852909218519926,-0.10415879637002945,-0.051807232201099396,-0.16268478333950043,0.05271684750914574,0.09105472266674042,0.06753630936145782,0.1478271782398224,0.06217385455965996,0.03407718986272812,-0.10119152814149857,-0.16609275341033936,0.04430514946579933,0.14030863344669342,-0.0866561308503151,0.07437066733837128,-0.04724327102303505,0.04363377392292023,0.15412257611751556,-0.10675188153982162,0.1498083919286728,0.06784430146217346,0.035760547965765,-0.02338566817343235,-0.006146796513348818,-0.0868290364742279,0.006512333173304796,0.13571347296237946,0.05408988147974014,0.0457889549434185,-0.019366225227713585,-0.02291940338909626,0.004350495990365744,0.057591959834098816,0.09420750290155411,0.042873814702034,0.028504686430096626,0.29693472385406494,0.07818460464477539,-0.15091265738010406,0.17588941752910614,0.10576602071523666,-0.006371267605572939,-0.006404571235179901,0.08439923077821732,0.04608749970793724,-0.04851460084319115,0.060137324035167694,0.10533595085144043,-0.015248836018145084,0.04214442893862724,0.09813302755355835,-1.5220584828057326e-05,0.13136526942253113,0.024427305907011032,0.10554684698581696,-0.1500328928232193,0.08557857573032379,-0.0801401138305664,-0.019743604585528374,-0.12669458985328674,-0.09408579021692276,-0.03803648799657822,0.05583978816866875,-0.003852461464703083,0.01738288812339306,0.1672448217868805,-0.05519266799092293,0.09005413949489594,-0.1265917420387268,0.08519623428583145,0.1090708076953888,-0.05399157851934433,-0.09439411014318466,0.020298657938838005,-0.01820668950676918,-0.03398401290178299,0.10843700170516968,0.034511737525463104,-0.0013200478861108422,0.007300840690732002,0.05270787328481674,-0.04514995962381363,-0.1287011206150055,0.04805309325456619,-0.06880404055118561,0.0058470116928219795,-0.006448220927268267,-0.19369438290596008,0.21025250852108002,-0.023719467222690582,-0.08103660494089127,-0.06423116475343704,0.04677494615316391,0.06908035278320312,-0.046246230602264404,0.025649290531873703,0.13223877549171448,-0.014151408337056637,0.0349598154425621,-0.007689962163567543,-0.04116188362240791,0.08359350264072418,-0.0971587672829628,0.10073839873075485,0.025464940816164017,-0.017239782959222794,-0.0389624759554863,0.10925088077783585,-0.13723671436309814
32,6,0.012753562070429325,0.11028647422790527,0.01397486962378025,0.041406139731407166,0.009560508653521538,0.054465312510728836,0.0737118050456047,-0.08344581723213196,-0.08530145138502121,-0.1770108938217163,0.0036774412728846073,-0.12238472700119019,-0.11660472303628922,0.029817095026373863,-0.028562653809785843,-0.03587350249290466,0.05373543128371239,-0.07339560985565186,0.03912857174873352,-0.07070639729499817,-0.03726857528090477,-0.13418427109718323,0.1186905950307846,0.07516845315694809,0.09517251700162888,0.12933549284934998,0.11972230672836304,0.09779109060764313,-0.13716910779476166,-0.11720669269561768,-0.024131987243890762,0.14886552095413208,-0.08015451580286026,0.10151059925556183,-0.029605723917484283,0.010049407370388508,0.11088936030864716,-0.1227230504155159,0.15578986704349518,0.09815971553325653,-0.015314626507461071,-0.06182875856757164,-0.04622022807598114,-0.04060456156730652,0.0823083147406578,0.12458741664886475,0.07038917392492294,0.02529657445847988,-0.01687769964337349,-0.017071979120373726,-0.014806953258812428,0.07219215482473373,0.12378770858049393,0.05931292101740837,0.021333567798137665,0.311731219291687,0.08642187714576721,-0.12327184528112411,0.13423188030719757,0.11821962893009186,0.017176833003759384,0.004083218984305859,0.10583575069904327,-0.0041408538818359375,-0.04773205891251564,-0.009518724866211414,0.11877318471670151,-0.009746639989316463,-0.013790239579975605,0.03991411626338959,-0.032696906477212906,0.113682821393013,0.029353195801377296,0.10982823371887207,-0.14122238755226135,0.08028537780046463,-0.07057792693376541,0.016999172046780586,-0.07520263642072678,-0.1276356428861618,0.011762884445488453,0.03550664708018303,-0.008401806466281414,0.052289899438619614,0.18308743834495544,-0.059177156537771225,0.12287669628858566,-0.13907255232334137,0.059065259993076324,0.06278003752231598,-0.05558373034000397,-0.07262493669986725,0.0071577951312065125,-0.03906998783349991,-0.05044238269329071,0.07311665266752243,0.004204988945275545,-0.0774669498205185,-0.038962461054325104,0.056875646114349365,-0.023281799629330635,-0.08958575129508972,0.04986864700913429,-0.09127964079380035,0.012383269146084785,-0.05337543413043022,-0.23174025118350983,0.18687036633491516,-0.038505807518959045,-0.10029902309179306,-0.07353048771619797,0.04323960840702057,0.09009414166212082,-0.022047799080610275,0.021267132833600044,0.12294767796993256,-0.03352481871843338,0.07367842644453049,0.012720123864710331,0.002396488329395652,0.09233664721250534,-0.09846306592226028,0.09173789620399475,0.0644506961107254,0.04130743071436882,-0.04879104346036911,0.1307356357574463,-0.12067653238773346
33,6,0.024185677990317345,0.06180078908801079,0.03892450034618378,-0.00841265544295311,0.053927045315504074,0.07863437384366989,0.11854610592126846,-0.04308731108903885,-0.018287992104887962,-0.20679312944412231,0.0802391991019249,-0.11496348679065704,-0.11980462074279785,0.012423085980117321,-0.09837015718221664,-0.04199042543768883,0.041067976504564285,-0.03193998709321022,-0.011632546782493591,-0.02885216288268566,0.0323183499276638,-0.12990857660770416,0.07664631307125092,0.10849854350090027,0.056727223098278046,0.10855647176504135,0.12472865730524063,-0.00021154740534257144,-0.09225669503211975,-0.10984068363904953,0.010207668878138065,0.1786557286977768,-0.08356249332427979,0.04840308055281639,-0.050511185079813004,0.04464410990476608,0.12370845675468445,-0.1368120163679123,0.07898758351802826,0.08667264878749847,0.02212742529809475,-0.06642965227365494,0.020765651017427444,-0.057121582329273224,-0.015036857686936855,0.07733675092458725,0.08166888356208801,-0.027616336941719055,-0.09041927009820938,-0.03489084914326668,0.03494306653738022,-0.022080961614847183,0.15019837021827698,0.08550767600536346,-0.01397194154560566,0.2788674533367157,0.03039654716849327,-0.1399022936820984,0.09805277734994888,0.09379073232412338,-0.030441878363490105,0.024895286187529564,0.09954298287630081,0.030837886035442352,-0.004925008863210678,0.008260653354227543,0.15123824775218964,0.027070196345448494,0.002791057340800762,0.07510896027088165,0.012836506590247154,0.15310822427272797,0.027100585401058197,0.13503770530223846,-0.12538903951644897,0.06290674209594727,-0.03409465402364731,0.04335092753171921,-0.11607776582241058,-0.11873345822095871,-0.03924839571118355,0.037624556571245193,-0.030228979885578156,-0.022531593218445778,0.1529891937971115,-0.006094132084399462,0.13763922452926636,-0.18821966648101807,0.11781100183725357,0.08324334025382996,-0.02605796605348587,-0.0730198547244072,-0.04607633501291275,-0.04380322992801666,-0.07438952475786209,0.11783883720636368,0.020743397995829582,-0.1338854879140854,0.05613557994365692,0.04335374757647514,-0.057945139706134796,-0.05345504730939865,0.1167098730802536,-0.12375357002019882,0.006579844281077385,-0.05802202969789505,-0.1935989111661911,0.15427063405513763,0.024983422830700874,-0.09267501533031464,-0.042461127042770386,0.04249359667301178,0.13661155104637146,-0.04239805042743683,0.006309726741164923,0.13385671377182007,-0.030233928933739662,0.12127038091421127,-0.030112748965620995,-0.048025865107774734,0.026027847081422806,-0.08693602681159973,0.1438797116279602,0.05359255522489548,0.005524564068764448,0.0053613935597240925,0.06493551284074783,-0.14037758111953735
34,6,0.018478553742170334,0.09492502361536026,0.024774055927991867,0.035830289125442505,0.02791423536837101,0.06826614588499069,0.07214894145727158,-0.08508560061454773,-0.0624619796872139,-0.1252918839454651,0.006329462397843599,-0.10960429906845093,-0.05869711562991142,0.0831676721572876,-0.07087540626525879,-0.06305737793445587,0.0885423943400383,-0.11558902263641357,0.04191313311457634,-0.05273210257291794,-0.015575463883578777,-0.12348535656929016,0.050152719020843506,0.09835059940814972,0.07572218030691147,0.13631069660186768,0.14657744765281677,0.052540235221385956,-0.0582113191485405,-0.16226845979690552,0.010072698816657066,0.13866564631462097,-0.06336691975593567,0.07507622987031937,-0.05351867899298668,0.059304509311914444,0.12277769297361374,-0.12014181166887283,0.10964478552341461,0.049118392169475555,-0.009311583824455738,-0.030770830810070038,-0.006725654471665621,-0.022426364943385124,-0.030726414173841476,0.13419508934020996,0.05850892886519432,-0.0253069419413805,-0.0360279381275177,-0.04526963829994202,0.016735613346099854,0.060861408710479736,0.0843493714928627,0.06158752366900444,-0.016429349780082703,0.32385510206222534,0.008525421842932701,-0.17308728396892548,0.17115288972854614,0.09503719210624695,-0.04390254616737366,0.03359053283929825,0.10773168504238129,0.018507612869143486,-0.05562259629368782,0.026435505598783493,0.09749173372983932,-0.02080116607248783,0.04702392593026161,0.08157259225845337,0.0004801190516445786,0.09124650806188583,0.0473811998963356,0.08269312977790833,-0.09676377475261688,0.11793994158506393,-0.021206269040703773,-0.009073314256966114,-0.09231271594762802,-0.1176702082157135,0.008295784704387188,0.05378083512187004,-0.007806295063346624,0.059709299355745316,0.17436483502388,-0.02079254575073719,0.11751752346754074,-0.15664276480674744,0.07782164216041565,0.10355036705732346,-0.05429615080356598,-0.07419406622648239,0.0033969159703701735,-0.0570242665708065,-0.05349625647068024,0.1268407106399536,0.03186992555856705,-0.09740103036165237,0.04173539951443672,0.07238315045833588,-0.07989740371704102,-0.02502988837659359,0.09898852556943893,-0.08245059847831726,0.011949044652283192,-0.02526194415986538,-0.19776645302772522,0.22091545164585114,-0.023180490359663963,-0.1461837887763977,-0.009479614906013012,0.025609830394387245,0.03645768389105797,0.00100112019572407,0.04752436280250549,0.15372250974178314,-0.031776513904333115,0.10673798620700836,-0.014456083066761494,-0.052323728799819946,0.10403749346733093,-0.12464823573827744,0.08184070885181427,0.06567516922950745,0.019328486174345016,-0.02890603058040142,0.14657045900821686,-0.11415757238864899
35,6,0.032680485397577286,0.07995321601629257,0.02391958050429821,0.0219140462577343,0.025448761880397797,0.09516602009534836,0.09765809029340744,-0.07060988247394562,-0.06864821165800095,-0.1543418914079666,0.08468722552061081,-0.1608741283416748,-0.1250947266817093,0.05053575709462166,-0.10414853692054749,-0.08557028323411942,0.07503089308738708,-0.1165345162153244,-0.006453902926295996,-0.06970487534999847,-0.00814710184931755,-0.1491401195526123,0.05692138895392418,0.07446393370628357,0.08118123561143875,0.12769478559494019,0.10506293177604675,0.04145977646112442,-0.04865339770913124,-0.15107086300849915,0.020556073635816574,0.16091537475585938,-0.06083325296640396,0.033200476318597794,-0.025163065642118454,0.04466096684336662,0.12386591732501984,-0.07412611693143845,0.12077978253364563,0.059690918773412704,-0.007434436120092869,-0.04170716553926468,-0.007324990350753069,-0.04825235530734062,-0.022426743060350418,0.11242596805095673,0.07569113373756409,0.037089407444000244,-0.03126723691821098,-0.07882151007652283,0.07781818509101868,0.05075332149863243,0.1221952736377716,0.051748089492321014,0.020442530512809753,0.3191426396369934,0.03894416242837906,-0.14334937930107117,0.16193650662899017,0.11845089495182037,-0.02545258402824402,0.01657635159790516,0.10230458527803421,0.03149237856268883,-0.004484653938561678,0.052210111171007156,0.0993807390332222,0.04042079672217369,0.05756249278783798,0.08267679065465927,-0.03381754085421562,0.09706437587738037,-0.03259216994047165,0.09718173742294312,-0.14921635389328003,0.14144974946975708,-0.05241033062338829,0.015503755770623684,-0.09597544372081757,-0.10314302891492844,0.006065371446311474,0.07524281740188599,0.012771706096827984,0.026559116318821907,0.12215559929609299,-0.03704517334699631,0.11444297432899475,-0.16636207699775696,0.05882774665951729,0.0674862340092659,-0.028029151260852814,-0.08566822111606598,0.011377166025340557,-0.036172762513160706,-0.0432778000831604,0.13043756783008575,0.03919605538249016,-0.09807993471622467,0.04915893077850342,0.07925774157047272,-0.09727255254983902,-0.10966318845748901,0.05855923518538475,-0.03114452213048935,-0.03322015330195427,-0.026380233466625214,-0.18666143715381622,0.188751220703125,0.011602765880525112,-0.12172713130712509,-0.04992443323135376,-0.013477937318384647,0.07708807289600372,-0.03388015553355217,0.018337205052375793,0.1397731453180313,-0.031957074999809265,0.0953231006860733,-0.008043426088988781,-0.04522182047367096,0.07767416536808014,-0.08418735861778259,0.09081725031137466,0.05531304329633713,0.012800873257219791,0.00869811326265335,0.1082906424999237,-0.15425503253936768
